Image_URL,Product_Title,Product_Manufacture,Product_Price,Product_Per_Price,Product_Usage,Product_Precautions,Product_Ingredient_Information,Review
"https://cloudinary.images-iherb.com/image/upload/f_auto,q_auto:eco/images/now/now00385/v/8.jpg","NOW Foods, 비타민D-3, 250mcg(10,000IU), 소프트젤 240정",Now Foods (나우 푸드),"₩23,750",₩89/제공량,3일에 한 번씩 소프트젤 1정씩 지방이 포함된 식사와 함께 섭취하거나 의료 전문가의 지시에 따라 복용하십시오.,"성인 전용 제품입니다. 권장 복용량을 초과하지 마십시오. 임신 또는 수유 중이거나, 약물(특히 건선 약 또는 타이아자이드 이뇨제)을 복용 중이거나, 질환(특히 고칼슘혈증, 신장병 또는 고칼륨혈증 또는 부갑상선기능항진증)이 있는 경우 먼저 의사와 상의하십시오. 어린이의 손이 닿지 않는 곳에 보관하십시오.
본 제품은 자연적인 색 변화가 발생할 수 있습니다.
개봉 후 서늘하고 건조한 곳에 보관하십시오.",0.25mg,"지속적인 ""비정상""상태, 만성 피로, 나는 잠을 자고 충분한 수면을 취하지 않습니다. 그런 불만으로 저는 한때 지역 치료사에게 와서 저를 물어보고 ""당신은 아프지 않았습니다! 왜 왔습니까?""라고 말했습니다. 나를 쳐다 보며 영양이 부족하고 말랐습니다. 나는 식욕에 대한 팅크를 썼고 그것을 놓아주었습니다. 진실을 오랫동안 독립적으로 검색 한 결과, 가장 먼저해야 할 일은 검사를 받고 D와 페리틴 (세포 철분) 수준을 확인하는 것입니다. 내 분석 결과 : D (HMS 방법에 의해)-20ng, 60-80ng의 속도, 페리틴 -21, 50의 속도. 지속적으로 5000 단위. 내 몸은 행복하고 더 이상 졸린 파리가 아닙니다. 엄청난 보너스-나는 3 년 동안 전혀 아프지 않았습니다. 감기와 독감이 무엇인지 모르겠습니다. 계절이 바뀌어 몸이 안 좋으면 즉시 다량의 D (최대 30,000 IU)를 복용하면 하루 만에 모든 것이 사라집니다. 내 리뷰가 도움이 되었다면 평가 해 주시면 감사하겠습니다))"
"https://cloudinary.images-iherb.com/image/upload/f_auto,q_auto:eco/images/now/now00376/v/47.jpg","NOW Foods, 고효능 비타민D-3, 250mcg(10,000IU), 소프트젤 120정",Now Foods (나우 푸드),"₩10,755",₩71/제공량,3일에 한 번씩 지방이 포함된 식사와 함께 소프트젤 1정을 섭취하거나 의사의 지시에 따르십시오.,"성인 전용 제품입니다. 권장 복용량을 초과하지 마십시오. 임신 또는 수유 중이거나, 약물(특히 건선 약 또는 타이아자이드 이뇨제)을 복용 중이거나, 질병(특히 고칼슘혈증, 신장병 또는 고칼륨혈증 또는 부갑상선기능항진증)이 있는 경우 먼저 의사와 상의하십시오. 어린이의 손이 닿지 않는 곳에 보관하십시오.
방습제는 먹지 마십시오. 병째로 보관하십시오.
이 제품은 자연적인 색 변화가 발생할 수 있습니다.
개봉 후 서늘하고 건조한 곳에 보관하십시오.",0.25mg,"지속적인 ""비정상""상태, 만성 피로, 나는 잠을 자고 충분한 수면을 취하지 않습니다. 그런 불만으로 저는 한때 지역 치료사에게 와서 저를 물어보고 ""당신은 아프지 않았습니다! 왜 왔습니까?""라고 말했습니다. 나를 쳐다 보며 영양이 부족하고 말랐습니다. 나는 식욕에 대한 팅크를 썼고 그것을 놓아주었습니다. 진실을 오랫동안 독립적으로 검색 한 결과, 가장 먼저해야 할 일은 검사를 받고 D와 페리틴 (세포 철분) 수준을 확인하는 것입니다. 내 분석 결과 : D (HMS 방법에 의해)-20ng, 60-80ng의 속도, 페리틴 -21, 50의 속도. 지속적으로 5000 단위. 내 몸은 행복하고 더 이상 졸린 파리가 아닙니다. 엄청난 보너스-나는 3 년 동안 전혀 아프지 않았습니다. 감기와 독감이 무엇인지 모르겠습니다. 계절이 바뀌어 몸이 안 좋으면 즉시 다량의 D (최대 30,000 IU)를 복용하면 하루 만에 모든 것이 사라집니다. 내 리뷰가 도움이 되었다면 평가 해 주시면 감사하겠습니다))"
"https://cloudinary.images-iherb.com/image/upload/f_auto,q_auto:eco/images/cdl/cdl10900/v/66.jpg","ChildLife Essentials, 비타민D3, 천연 베리맛, 30ml (1fl oz)",ChildLife Essentials (차일드라이프 에센셜),"₩9,929",₩86/제공량,생후 0~12개월 영유아: 매일 6방울,서늘하고 건조한 곳에 보관하십시오.,0.01250000mg,"주의 !!! 따라서 사람들은 Childlife (30 ml)의 비타민 D3 복용량을 이해하지 못하는 모든 사람들을주의 깊게 읽으십시오. 병에는 500 UI (IU, 국제 단위)의 1 부분 (8 방울)이 기록됩니다.이 유형의 D3 한 방울에 62.5 IU가 들어 있습니다. 내가 계산했을 때, 그것은 매우 간단합니다 500 ÷ 8 = 62.5. 즉, 하루에 8 방울을 아이에게 주면 500 IU, 즉 일일 복용량의 비타민 D3을주었습니다. 우리는 더 나아갑니다. 그러나 일일 복용량은 모든 사람에게 동일하지 않습니다. 제조업체는이 유형의 D3 레이블에 0-12 개월과 같은 정보를 표시했습니다. 즉, 1 년에 6 방울, 6 × 62.5 = 375 IU, 아기의 신체에 비타민 D3가 부족한 세계의 많은 소아과 의사가 매일 복용량을 처방합니다. 400 아이유 아기가 이미 1 세 이상인 경우 8 방울을 주면 500 IU 이상에서 설명한 것과 같습니다. 소아과 의사가 1000 IU와 같이 큰 일일 복용량을 처방 한 경우 하루 16 방울, 1500 IU = 24 방울 등을 제공합니다. 가장 중요한 것은 혼동해서는 안됩니다! 예
나는 훌륭한 세 자녀의 어머니입니다. 그것은 ""vitaminization""의 주제가 그 어느 때보 다 적절해야하는 것처럼 보일 것입니다. 그리고 예, 정기적으로 (1 년에 1-2 회) 비타민 컴플렉스가있는 어린이를 잃었습니다. 세부 사항에 집중하지 않고 세부 사항 (즉, 개별 비타민)에 집중하지 않았습니다. 왜 비타민 D3에 관한 질문 이었습니까? 식이 요법의 중학생 (아들)이 까다 롭고 채식주의 자이기 때문에 (그들이 그렇게 말하면). 아마 이런 이유로 그는 (장남과 비교하여) 작습니다. 천천히 성장하고 그 자체로는 크지 않습니다. 플러스 젊은 여동생. 일반적으로 비타민 D3는 우리에게 불필요하지 않을 것입니다. 방울의 맛은 러시아 Akvadetrim만큼 활발하지는 않습니다. 여기에 베리 맛이 나는 달콤한 방울이 있습니다 (개인적으로 오렌지가 있다고 생각합니다). 패키지의 형식이 정말 마음에 들었습니다. 30 ml의 유리 병과 내장형 피펫 (러시아어 Aquadietrim을 사용하는 사람들은 이해할 것입니다.) 우리는 ChildLife에서이 D3를 거의 2 개월 동안 마 셨습니다 (그리고 칼슘을 흡수하기 위해 계속 복용량을 줄일뿐입니다.) 리셉션의 결과, 내가 도울 수는 없었지만이 이유는 비타민 D3 섭취 였음을 주목하고 주목한다. 아이들은보다 적극적이고 긍정적으로 변했습니다. 예를 들면 : 나는 유치원에서 막내 아들을 항상 싫은 트롤과 함께 데려갔습니다. 즉 그는 모든 길을 걸었고, 무엇인가를 몹시 싫어하며, 어떤 금지 나 불일치에서 눈물을 흘릴 수있었습니다. 나는 항상 이것을 걱정하고 내가 뭘 잘못하고 있는지 이해하지 못했습니다. 나는 하루 종일 서로를 보지 못했고, 나는 그를 그리워하고 그는 3-5 분 정도 기뻐하고 화가 난 트롤이 시작된다. 여하튼, 유치원에서 오는 길에 나는 유사한 부부 (엄마와 아기 너도밤 나무)를 만났고, 엄마는 매일 유치원 이후 그녀의 견딜 수없는 행동에 ""기뻐""한다고 엄마가 불평했다. 그리고 나는 진정되었다. 나는 이것이 유치원생에게 정상적인 것이라고 결론을 내렸다. 이것은 정상이 아닙니다! 이제 나는 유치원에서 즐겁고 뛰어 오르고 돌고있는 아이를 데리고 있는데, 그는 나에게 슬픈 이야기를 들려주고, 그가 배운 것과 오늘 그가 무엇을 할 것인지를 조용히 이야기하고 있습니다. 아이들은 아침에 일어나기 시작했습니다. 우리는 열심히 일어나곤했습니다. 징징 거리며, 때로는 눈물을 흘리며 때로는 베개에 얼굴을 완강히 묻어 버렸습니다. (물론 우리는 내 아이들을 의미합니다.) 이제 아침에 아이들이 일어나기가 훨씬 더 쉽고, 때로는 완전히 일어나기도 전에 (그리고 잠시, 오전 6시 30 분에!) 눈에 띄고 쉽게 눈에 띄는 변화가 있습니다. 그녀는 어린 아들에게 사례를 가져 왔습니다. 비타민 D3 섭취가 가장 명확하게 그에게 반영되었으며, 분명히 그의 부족은 더욱 두드러졌습니다. 딸과 장남은 또한 약물에 적극적으로 반응했으며, 더욱 생생하고 긍정적 인 반응을 보였다. 분석에 따르면, 내부 변화 및 / 또는 성장 변화를 희생시키면서 아직 말할 필요가 없습니다. 혈액에서 비타민 D3 수치를 모니터링하지 않았습니다. 하지만 이미 내가 본 것만으로는 충분하지 않습니다.이 리뷰가 유용했다면 ""예""를 클릭하십시오. 감사합니다! 내 페이지에 더 유용한 리뷰가 있으며 할인 코드도 있습니다!"
"https://cloudinary.images-iherb.com/image/upload/f_auto,q_auto:eco/images/drb/drb00363/v/74.jpg","Doctor's Best, 비타민D3, 125mcg(5,000IU), 소프트젤 720정",닥터스 베스트,"₩22,572",₩31/제공량,"성인 사용법: 하루 1소프트젤을 음식과 함께 섭취하거나, 영양학 지식을 갖춘 전문의의 권장에 따르십시오.",서늘하고 건조한 곳에 보관하십시오.,"<re.Match object; span=(19, 28), match='1 Softgel'>","1. 누가이 약을 복용 할 필요가? 이 약은 어떤 합성 비타민처럼, 그것을 가지고하지 않는 것이 좋다. 비타민 D는 최고의 정기적으로 태양을 방문 / 식품에서 얻을 수있다. 그러나 기존의 의학 (우선 - 전립선 암과 유방암의) 심각한 질병의 예방의 수단으로 ""아니오""는 범주 말했다하지 않은 D3, 몇 합성 비타민의 아마 하나. 특히, 암 연구를위한 캐나다 협회 때문에 겨울 몇 맑은 날, 모든 캐나다인 비타민 D3 1,000 IU 매일 매년 겨울을하는 것이 좋습니다. 그리고 65 세 이상 사람과 작은 태양에서 일어나는있는 사람들, 당신은 일년 내내 비타민 D3를해야한다. 후자의 경우는 비타민 D 분기 혈액 검사의 내용을 제어하는 것이 바람직하다. 2. 비타민 D를 취할 차이가 있습니까? 이 준비 - 예, D3 (콜레 칼시 페롤)를 마시는 것이 좋습니다. 비타민 D2 (에르고 칼시 페롤), 일부 연구에 따르면, 독성이있을 수 있습니다. 3. 없음 5,000 IU의 이러한 높은 투여 량 인 HARM십니까? 지용성 비타민 D3로 - 몸은 저장소를 만들 수 있습니다. 따라서 비타민은 반드시 매일 복용하지 않습니다. (. 위 참조) 암 연구를위한 캐나다 협회에서 권장하는 예방 용량을 준수 할 경우 특히, - 5 일에 의사의 최저 1 시간에 1 캡슐을 할 수 있습니다. 당신이 의사의 최저 매일 하루 1 캡슐을하려면 비교를 위해 20 분 동안 한낮의 태양에 노출 당신이 더 나은 의사와 상담 것, (10) 000 IU의 비타민 D. 8000의 합성을 제공합니다. 더 많은 리뷰 - 내 페이지 - 제일. 바라 건데, 그것은 단지 Ayherbe에 최선을 선택하는 데 도움이됩니다. 당신이 YES를 누르면 I 감사하겠습니다!
한국사람의 90%가 비타민D 부족입니다. 대부분 햇빛을 볼 일이 없고, 실내생활이 주를 이루기때문에 어쩔 수 없습니다. 거기에다가 선크림까지 바르니 당연한거죠! 그렇다고 태양을 일부러 쪼인다면 피부노화를 피할 수 없습니다. 그렇기에 비타민D를 영양제로 따로 섭취해주는 방법이 최고입니다. 비타민D가 부족하면 칼슘흡수가 저하되고 골밀도가 떨어져 골다공증, 퇴행성 관절염에 노출됩니다. 게다가 위산의 분비가 적어져 소화력이 떨어지게 됩니다. 소화력이 떨어진다면 음식내의 세균을 잘 죽일 수 없고, 그로인해 미처 소화되지 못한 음식물이 장에서 부패하게 되면 장누수증후군에도 노출될 수 있습니다. 비타민D는 암세포에 독성을 나타내 암 발생의 위험도 줄여줍니다. 암세포를 발견해서 죽이는 유전자의 역할을 강화시키기 때문이랍니다. 게다가 자폐증을 앓고 있는 아이들에게는 비타민D 결핍이 나타났으며 비타민D 수치가 높을수록 자폐증의 정도도 가볍다고 합니다. 산모가 비타민D가 부족하면 아이에게 언어장애의 가능성이 높아진다고 합니다. 아이의 성장에 있어서 비타민D는 정말 중요합니다. 뼈성장, 두뇌성장, 면역력, 소화흡수 기타 질병의 예방에 있어서 필수죠. 용량도 최근 연구에서 1일 권장량을 6,000-9,000IU로 상향조정해야 한다는 결과가 나왔습니다. 20,000 IU를 복용해도 독작용이나 칼슘 과잉증이 없다는 연구결과가 나왔다고 하니 5,000IU에 과잉 걱정은 할 필요가 없다고 봅니다. 저는 3년 넘도록 5,000IU를 매일 먹고 있습니다. 그래도 가끔 비타민D의 농도가 낮을 때가 있습니다. 그럴 때는 일주일 정도 하루에 두 알 먹습니다. 다들 효과 많이 보시기 바랍니다. 이 제품이 아이허브에서 파는 비타민D 중 가격대 성능비가 가장 좋습니다. 도움이 되셨으면 ""네""를 눌러주세요!
나는 우랄 (Urals)에 산다. 바다는 1 년에 최대 2 번이다. 태양은 매우 드물게 빛납니다. 나는 비타민 D가 부족하다는 것을 알고 2000 년에 항상 복용했습니다. 지난 겨울에 테스트를 통과했습니다. 그리고 오 공포! 규범의 하한은 30입니다. 내분비 전문의는 2 개월 이내에 보충을 위해 10,000을, 그 다음 지속적으로 5,000을 요구했습니다! 나는 내 의사를 믿어! 나는 2 개월 10,000을 마신 후 테스트를 통과했습니다. 비타민 D는 약 100이되었습니다. 이제 각각 5,000을 마 십니다. 최근에 다시 테스트를 통과하여 같은 수준으로 유지합니다. 즉 비타민이 노동자입니다! 그녀는 감기에 시달리고 머리가 잘 자라며 우울증이 사라졌습니다. 모든 건강과 선!
블로그에 비타민 D와 칼슘에 관한 기사를 썼습니다. 이 두 요소는 서로 의존합니다. 비타민 D는 신체의 칼슘 흡수 및 조절에 기여합니다. 기사는 비타민 D와 칼슘 섭취에 대해 생각하고있는 사람들과 이미 마시는 사람들에게 유용 할 것입니다. 후자는 그들의 복용량의 적절성을 러시아 내분비 학회 (RAE)가 제안한 규범과 비교할 수있을 것이다. ⠀⠀⠀⠀⠀⠀⠀⠀⠀⠀⠀⠀⠀⠀⠀⠀⠀⠀⠀⠀⠀⠀⠀⠀⠀⠀⠀⠀⠀⠀⠀⠀⠀⠀⠀⠀⠀⠀⠀⠀⠀⠀⠀⠀⠀⠀⠀⠀⠀⠀ ⠀⠀⠀⠀⠀⠀⠀⠀⠀⠀⠀⠀⠀⠀⠀⠀⠀⠀⠀⠀⠀⠀⠀⠀⠀⠀⠀⠀⠀⠀⠀⠀⠀⠀⠀⠀⠀⠀⠀⠀⠀⠀⠀⠀⠀⠀⠀⠀⠀⠀ vit 비타민 D는 음식물 섭취가 적고 자외선에 의한 인체 내 비타민 D 합성이 여러 가지 요인으로 인해 보충제로 추가로 섭취되어야한다는 것이 알려져있다. ⠀⠀⠀⠀⠀⠀⠀⠀⠀⠀⠀⠀⠀⠀⠀⠀⠀⠀⠀⠀⠀⠀⠀⠀⠀⠀⠀⠀⠀⠀⠀⠀⠀⠀⠀⠀⠀⠀⠀⠀⠀⠀⠀⠀⠀⠀⠀⠀⠀⠀ ⠀⠀⠀⠀⠀⠀⠀⠀⠀⠀⠀⠀⠀⠀⠀⠀⠀⠀⠀⠀⠀⠀⠀⠀⠀⠀⠀⠀⠀⠀⠀⠀⠀⠀⠀⠀⠀⠀⠀⠀⠀⠀⠀⠀⠀⠀⠀⠀⠀⠀ ⠀⠀⠀⠀⠀이 비타민 D-3 (Doctor 's Best)는 단일 캡슐에 5000 IU의 용량을 함유하고 있습니다. 라놀린 양털 지방에서 나온 비타민 D3. 이것은 천연 천연 비타민 D3를 얻는 가장 일반적인 방법입니다. 비타민 D3를 더 잘 흡수하기 위해 엑스트라 버진 올리브 오일을 젤라틴 캡슐에 넣었습니다. ⠀⠀⠀⠀⠀⠀⠀⠀⠀⠀⠀⠀⠀⠀⠀⠀⠀⠀⠀⠀⠀⠀⠀⠀⠀⠀⠀⠀⠀⠀⠀⠀⠀⠀⠀⠀⠀⠀⠀⠀⠀⠀⠀⠀⠀⠀⠀⠀⠀⠀ ⠀⠀⠀⠀⠀⠀⠀⠀⠀⠀⠀⠀⠀⠀⠀⠀⠀⠀⠀⠀⠀⠀⠀⠀⠀⠀⠀⠀⠀⠀⠀⠀⠀⠀⠀⠀⠀⠀⠀⠀⠀⠀⠀⠀⠀⠀⠀⠀⠀⠀ ⠀⠀⠀⠀⠀ 그러나,이 용량은 안전한 상한을 초과하여 영구적 인 예방 적 투여에는 적합하지 않습니다. 이 복용량은 교정 적이며, 의사가 권장하는대로 짧은 과정에서 혈액 분석 25 (OH) D에 의해 설정된 비타민 D 결핍으로 마 십니다. 비타민 D를 포함하는 지용성 비타민의 과다 복용은 결핍보다 어렵습니다. ⠀⠀⠀⠀⠀⠀⠀⠀⠀⠀⠀⠀⠀⠀⠀⠀⠀⠀⠀⠀⠀⠀⠀⠀⠀⠀⠀⠀⠀⠀⠀⠀⠀⠀⠀⠀⠀⠀⠀⠀⠀⠀⠀⠀⠀⠀⠀⠀⠀⠀ ⠀⠀⠀⠀⠀⠀⠀⠀⠀⠀⠀⠀⠀⠀⠀⠀⠀⠀⠀⠀⠀⠀⠀⠀⠀⠀⠀⠀⠀⠀⠀⠀⠀⠀⠀⠀⠀⠀⠀⠀⠀⠀⠀⠀⠀⠀⠀⠀⠀⠀ ㅇ 내분비 학자 협회 (Russian Association of Endocrinologists)는 비타민 D를 일일 예방 적으로 섭취 할 것을 권장하고있다. 1 년 ~ 400 IU, 1 년에서 50 세까지 - 600 IU, 50 세 이상 - 약 800-1000 IU, 임신 및 간호 - 800 -1000. 예방 적 용량은 햇볕에 노출되는 동안조차 교정 할 필요가 없습니다. 1000 IU는 성인의 최적 예방 용량에 기인 할 수 있습니다. 예를 들어, 현재 식품에는 1000 회 복용량에 비타민 D가 함유되어 있습니다. 나는 그것을 아주 좋아합니다. 리뷰 페이지에서 좋아하는 음식 목록에 추가했습니다.
비타민 D는 우연히 ""태양의 비타민""이라고 부르지 않습니다. 다른 영양소와 달리 음식에는 거의 없지만 피부를 열과 빛에 노출 시키면 최대 복용량으로 생성됩니다. 그러나 전형적인 러시아 여름이 3 개월 동안 덥고 햇볕이 잘 들면 약 30 일 동안 기껏해야 몸에서 충분한 양의 비타민에 대해 이야기하는 것만으로는 충분하지 않습니다. 나는 25 세 (그)의 분석을하고 29 세가 있다는 것을 알지 못했을 때까지 나는 모두와 마찬가지로 완벽한 무지로 살았다. 나는 처음에 적은 양의 복용량을 사용했다. 그런 다음 영양사의 죄수 팀에서 나이를 먹기 위해 10,000 파운드를 가져 가야한다고 배웠다. 입원 2 ~ 3 개월 후 68 세가되었습니다. 기쁨에는 한계가 없으며, 손톱의 각질 제거가 끝나고 신체 통증이 사라졌으며 어쨌든 기분이 나아졌습니다. 따라서 적자를 메우고 나처럼 건강하고 행복하게 지내십시오. 건강하고 행복하게 지내십시오! 제 리뷰가 도움이되기를 바랍니다.
블로그에 비타민 D와 칼슘에 관한 기사를 썼습니다. 이 두 요소는 서로 의존합니다. 비타민 D는 신체의 칼슘 흡수 및 조절에 기여합니다. 기사는 비타민 D와 칼슘 섭취에 대해 생각하고있는 사람들과 이미 마시는 사람들에게 유용 할 것입니다. 후자는 내분비 학자 협회 (Russian Association of Endocrinologists)가 제안한 표준과 복용량의 적절성을 비교할 수있을 것이다. ⠀⠀⠀⠀⠀⠀⠀⠀⠀⠀⠀⠀⠀⠀⠀⠀⠀⠀⠀⠀⠀⠀⠀⠀⠀⠀⠀⠀⠀⠀⠀⠀⠀⠀⠀⠀⠀⠀⠀⠀⠀⠀⠀⠀⠀⠀⠀⠀⠀⠀ vit 비타민 D는 음식물 섭취가 적고 자외선에 의한 인체 내 비타민 D 합성이 여러 가지 요인으로 인해 보충제로 추가로 섭취되어야한다는 것이 알려져있다. . ⠀⠀⠀⠀⠀⠀⠀⠀⠀⠀⠀⠀⠀⠀⠀⠀⠀⠀⠀⠀⠀⠀⠀⠀⠀⠀⠀⠀⠀⠀⠀⠀⠀⠀⠀⠀⠀⠀⠀⠀⠀⠀⠀⠀⠀⠀⠀⠀⠀⠀ ⠀⠀⠀⠀⠀⠀⠀⠀⠀⠀⠀⠀⠀⠀⠀⠀⠀⠀⠀⠀⠀⠀⠀⠀⠀⠀⠀⠀⠀⠀⠀⠀⠀⠀⠀⠀⠀⠀⠀⠀⠀⠀⠀ ⠀⠀⠀⠀⠀⠀⠀⠀⠀⠀⠀⠀⠀이 비타민 D-3는 닥터스 베스트 (Doc 's Best)에서 단일 캡슐에 5,000IU의 용량을 함유하고 있습니다. 라놀린 양털 지방에서 나온 비타민 D3. 이것은 천연 - 천연 비타민 D3를 얻는 가장 일반적인 방법입니다. 비타민 D3를 더 잘 흡수하기 위해 엑스트라 버진 올리브 오일을 젤라틴 캡슐에 넣었습니다. ⠀⠀⠀⠀⠀⠀⠀⠀⠀⠀⠀⠀⠀⠀⠀⠀⠀⠀⠀⠀⠀⠀⠀⠀⠀⠀⠀⠀⠀⠀⠀⠀⠀⠀⠀⠀⠀⠀⠀⠀⠀⠀⠀⠀⠀⠀⠀⠀⠀⠀ ⠀⠀⠀⠀⠀⠀⠀⠀⠀⠀⠀⠀⠀⠀⠀⠀⠀⠀⠀⠀⠀⠀⠀⠀⠀⠀⠀⠀⠀⠀⠀⠀⠀⠀⠀⠀⠀⠀⠀⠀⠀⠀⠀ ⠀⠀⠀⠀⠀⠀⠀⠀⠀⠀⠀⠀⠀ 그러나,이 용량은 안전한 상한을 초과하여 영구적 인 예방 적 투여에는 적합하지 않습니다. 이 복용량은 교정 적이며, 의사가 권장하는대로 짧은 과정에서 혈액 분석 25 (OH) D에 의해 설정된 비타민 D 결핍으로 마 십니다. 비타민 D를 포함하는 지용성 비타민의 과다 복용은 결핍보다 더 심합니다. ⠀⠀⠀⠀⠀⠀⠀⠀⠀⠀⠀⠀⠀⠀⠀⠀⠀⠀⠀⠀⠀⠀⠀⠀⠀⠀⠀⠀⠀⠀⠀⠀⠀⠀⠀⠀⠀⠀⠀⠀⠀⠀⠀⠀⠀⠀⠀⠀⠀⠀ ⠀⠀⠀⠀⠀⠀⠀⠀⠀⠀⠀⠀⠀⠀⠀⠀⠀⠀⠀⠀⠀⠀⠀⠀⠀⠀⠀⠀⠀⠀⠀⠀⠀⠀⠀⠀⠀⠀⠀⠀⠀⠀⠀ ㅇ 내분비 학자 협회 (Russian Association of Endocrinologists)는 비타민 D를 1 년에 예방 적으로 섭취 할 것을 권장하고있다. 1 년에 400IU, 1 년에서 50 년까지, 600IU, 50 년 이상, 1000 IU, 임신 및 수유 - 800-1000. 예방 적 용량은 햇볕에 노출되는 동안조차 교정 할 필요가 없습니다. 1000 IU는 성인의 최적 예방 용량에 기인 할 수 있습니다. 예를 들어, 현재 식품에는 1000 회 복용량에 비타민 D가 함유되어 있습니다. 나는 그것을 아주 좋아합니다. 리뷰 페이지에서 좋아하는 음식 목록에 추가했습니다. ⠀⠀⠀⠀⠀⠀⠀⠀⠀⠀⠀⠀⠀⠀⠀⠀⠀⠀⠀⠀⠀⠀⠀⠀⠀⠀⠀⠀⠀⠀⠀⠀⠀⠀⠀⠀⠀⠀⠀⠀⠀⠀⠀⠀⠀⠀⠀⠀⠀⠀ ⠀⠀⠀⠀⠀⠀⠀⠀⠀⠀⠀⠀⠀⠀⠀⠀⠀⠀⠀⠀⠀⠀⠀⠀⠀⠀⠀⠀⠀⠀⠀⠀⠀⠀⠀⠀⠀⠀⠀⠀⠀⠀⠀ ⠀⠀⠀⠀⠀⠀⠀⠀⠀⠀⠀⠀⠀ 내 리뷰는 내 페이지에서 찾을 수 있습니다 - 내 이름 SvetlanaShtein을 클릭하십시오. 리뷰가 도움이 되었다면 ""예""를 클릭하십시오. 고마워요! ⠀⠀⠀⠀⠀⠀⠀⠀⠀⠀⠀⠀"
"https://cloudinary.images-iherb.com/image/upload/f_auto,q_auto:eco/images/drb/drb00250/v/82.jpg","Doctor's Best, 비타민D3, 125mcg(5,000IU), 소프트젤 360정",닥터스 베스트,"₩12,790",₩35/제공량,성인 복용법: 매일 소프트젤 1정씩 음식과 함께 또는 영양학적 지식을 갖춘 의사의 권고에 따라 복용하십시오.,서늘하고 건조한 곳에 보관하십시오.,0.125mg,"1. 누가이 약을 복용 할 필요가? 이 약은 어떤 합성 비타민처럼, 그것을 가지고하지 않는 것이 좋다. 비타민 D는 최고의 정기적으로 태양을 방문 / 식품에서 얻을 수있다. 그러나 기존의 의학 (우선 - 전립선 암과 유방암의) 심각한 질병의 예방의 수단으로 ""아니오""는 범주 말했다하지 않은 D3, 몇 합성 비타민의 아마 하나. 특히, 암 연구를위한 캐나다 협회 때문에 겨울 몇 맑은 날, 모든 캐나다인 비타민 D3 1,000 IU 매일 매년 겨울을하는 것이 좋습니다. 그리고 65 세 이상 사람과 작은 태양에서 일어나는있는 사람들, 당신은 일년 내내 비타민 D3를해야한다. 후자의 경우는 비타민 D 분기 혈액 검사의 내용을 제어하는 것이 바람직하다. 2. 비타민 D를 취할 차이가 있습니까? 이 준비 - 예, D3 (콜레 칼시 페롤)를 마시는 것이 좋습니다. 비타민 D2 (에르고 칼시 페롤), 일부 연구에 따르면, 독성이있을 수 있습니다. 3. 없음 5,000 IU의 이러한 높은 투여 량 인 HARM십니까? 지용성 비타민 D3로 - 몸은 저장소를 만들 수 있습니다. 따라서 비타민은 반드시 매일 복용하지 않습니다. (. 위 참조) 암 연구를위한 캐나다 협회에서 권장하는 예방 용량을 준수 할 경우 특히, - 5 일에 의사의 최저 1 시간에 1 캡슐을 할 수 있습니다. 당신이 의사의 최저 매일 하루 1 캡슐을하려면 비교를 위해 20 분 동안 한낮의 태양에 노출 당신이 더 나은 의사와 상담 것, (10) 000 IU의 비타민 D. 8000의 합성을 제공합니다. 더 많은 리뷰 - 내 페이지 - 제일. 바라 건데, 그것은 단지 Ayherbe에 최선을 선택하는 데 도움이됩니다. 당신이 YES를 누르면 I 감사하겠습니다!
한국사람의 90%가 비타민D 부족입니다. 대부분 햇빛을 볼 일이 없고, 실내생활이 주를 이루기때문에 어쩔 수 없습니다. 거기에다가 선크림까지 바르니 당연한거죠! 그렇다고 태양을 일부러 쪼인다면 피부노화를 피할 수 없습니다. 그렇기에 비타민D를 영양제로 따로 섭취해주는 방법이 최고입니다. 비타민D가 부족하면 칼슘흡수가 저하되고 골밀도가 떨어져 골다공증, 퇴행성 관절염에 노출됩니다. 게다가 위산의 분비가 적어져 소화력이 떨어지게 됩니다. 소화력이 떨어진다면 음식내의 세균을 잘 죽일 수 없고, 그로인해 미처 소화되지 못한 음식물이 장에서 부패하게 되면 장누수증후군에도 노출될 수 있습니다. 비타민D는 암세포에 독성을 나타내 암 발생의 위험도 줄여줍니다. 암세포를 발견해서 죽이는 유전자의 역할을 강화시키기 때문이랍니다. 게다가 자폐증을 앓고 있는 아이들에게는 비타민D 결핍이 나타났으며 비타민D 수치가 높을수록 자폐증의 정도도 가볍다고 합니다. 산모가 비타민D가 부족하면 아이에게 언어장애의 가능성이 높아진다고 합니다. 아이의 성장에 있어서 비타민D는 정말 중요합니다. 뼈성장, 두뇌성장, 면역력, 소화흡수 기타 질병의 예방에 있어서 필수죠. 용량도 최근 연구에서 1일 권장량을 6,000-9,000IU로 상향조정해야 한다는 결과가 나왔습니다. 20,000 IU를 복용해도 독작용이나 칼슘 과잉증이 없다는 연구결과가 나왔다고 하니 5,000IU에 과잉 걱정은 할 필요가 없다고 봅니다. 저는 3년 넘도록 5,000IU를 매일 먹고 있습니다. 그래도 가끔 비타민D의 농도가 낮을 때가 있습니다. 그럴 때는 일주일 정도 하루에 두 알 먹습니다. 다들 효과 많이 보시기 바랍니다. 이 제품이 아이허브에서 파는 비타민D 중 가격대 성능비가 가장 좋습니다. 도움이 되셨으면 ""네""를 눌러주세요!
나는 우랄 (Urals)에 산다. 바다는 1 년에 최대 2 번이다. 태양은 매우 드물게 빛납니다. 나는 비타민 D가 부족하다는 것을 알고 2000 년에 항상 복용했습니다. 지난 겨울에 테스트를 통과했습니다. 그리고 오 공포! 규범의 하한은 30입니다. 내분비 전문의는 2 개월 이내에 보충을 위해 10,000을, 그 다음 지속적으로 5,000을 요구했습니다! 나는 내 의사를 믿어! 나는 2 개월 10,000을 마신 후 테스트를 통과했습니다. 비타민 D는 약 100이되었습니다. 이제 각각 5,000을 마 십니다. 최근에 다시 테스트를 통과하여 같은 수준으로 유지합니다. 즉 비타민이 노동자입니다! 그녀는 감기에 시달리고 머리가 잘 자라며 우울증이 사라졌습니다. 모든 건강과 선!
블로그에 비타민 D와 칼슘에 관한 기사를 썼습니다. 이 두 요소는 서로 의존합니다. 비타민 D는 신체의 칼슘 흡수 및 조절에 기여합니다. 기사는 비타민 D와 칼슘 섭취에 대해 생각하고있는 사람들과 이미 마시는 사람들에게 유용 할 것입니다. 후자는 그들의 복용량의 적절성을 러시아 내분비 학회 (RAE)가 제안한 규범과 비교할 수있을 것이다. ⠀⠀⠀⠀⠀⠀⠀⠀⠀⠀⠀⠀⠀⠀⠀⠀⠀⠀⠀⠀⠀⠀⠀⠀⠀⠀⠀⠀⠀⠀⠀⠀⠀⠀⠀⠀⠀⠀⠀⠀⠀⠀⠀⠀⠀⠀⠀⠀⠀⠀ ⠀⠀⠀⠀⠀⠀⠀⠀⠀⠀⠀⠀⠀⠀⠀⠀⠀⠀⠀⠀⠀⠀⠀⠀⠀⠀⠀⠀⠀⠀⠀⠀⠀⠀⠀⠀⠀⠀⠀⠀⠀⠀⠀⠀⠀⠀⠀⠀⠀⠀ vit 비타민 D는 음식물 섭취가 적고 자외선에 의한 인체 내 비타민 D 합성이 여러 가지 요인으로 인해 보충제로 추가로 섭취되어야한다는 것이 알려져있다. ⠀⠀⠀⠀⠀⠀⠀⠀⠀⠀⠀⠀⠀⠀⠀⠀⠀⠀⠀⠀⠀⠀⠀⠀⠀⠀⠀⠀⠀⠀⠀⠀⠀⠀⠀⠀⠀⠀⠀⠀⠀⠀⠀⠀⠀⠀⠀⠀⠀⠀ ⠀⠀⠀⠀⠀⠀⠀⠀⠀⠀⠀⠀⠀⠀⠀⠀⠀⠀⠀⠀⠀⠀⠀⠀⠀⠀⠀⠀⠀⠀⠀⠀⠀⠀⠀⠀⠀⠀⠀⠀⠀⠀⠀⠀⠀⠀⠀⠀⠀⠀ ⠀⠀⠀⠀⠀이 비타민 D-3 (Doctor 's Best)는 단일 캡슐에 5000 IU의 용량을 함유하고 있습니다. 라놀린 양털 지방에서 나온 비타민 D3. 이것은 천연 천연 비타민 D3를 얻는 가장 일반적인 방법입니다. 비타민 D3를 더 잘 흡수하기 위해 엑스트라 버진 올리브 오일을 젤라틴 캡슐에 넣었습니다. ⠀⠀⠀⠀⠀⠀⠀⠀⠀⠀⠀⠀⠀⠀⠀⠀⠀⠀⠀⠀⠀⠀⠀⠀⠀⠀⠀⠀⠀⠀⠀⠀⠀⠀⠀⠀⠀⠀⠀⠀⠀⠀⠀⠀⠀⠀⠀⠀⠀⠀ ⠀⠀⠀⠀⠀⠀⠀⠀⠀⠀⠀⠀⠀⠀⠀⠀⠀⠀⠀⠀⠀⠀⠀⠀⠀⠀⠀⠀⠀⠀⠀⠀⠀⠀⠀⠀⠀⠀⠀⠀⠀⠀⠀⠀⠀⠀⠀⠀⠀⠀ ⠀⠀⠀⠀⠀ 그러나,이 용량은 안전한 상한을 초과하여 영구적 인 예방 적 투여에는 적합하지 않습니다. 이 복용량은 교정 적이며, 의사가 권장하는대로 짧은 과정에서 혈액 분석 25 (OH) D에 의해 설정된 비타민 D 결핍으로 마 십니다. 비타민 D를 포함하는 지용성 비타민의 과다 복용은 결핍보다 어렵습니다. ⠀⠀⠀⠀⠀⠀⠀⠀⠀⠀⠀⠀⠀⠀⠀⠀⠀⠀⠀⠀⠀⠀⠀⠀⠀⠀⠀⠀⠀⠀⠀⠀⠀⠀⠀⠀⠀⠀⠀⠀⠀⠀⠀⠀⠀⠀⠀⠀⠀⠀ ⠀⠀⠀⠀⠀⠀⠀⠀⠀⠀⠀⠀⠀⠀⠀⠀⠀⠀⠀⠀⠀⠀⠀⠀⠀⠀⠀⠀⠀⠀⠀⠀⠀⠀⠀⠀⠀⠀⠀⠀⠀⠀⠀⠀⠀⠀⠀⠀⠀⠀ ㅇ 내분비 학자 협회 (Russian Association of Endocrinologists)는 비타민 D를 일일 예방 적으로 섭취 할 것을 권장하고있다. 1 년 ~ 400 IU, 1 년에서 50 세까지 - 600 IU, 50 세 이상 - 약 800-1000 IU, 임신 및 간호 - 800 -1000. 예방 적 용량은 햇볕에 노출되는 동안조차 교정 할 필요가 없습니다. 1000 IU는 성인의 최적 예방 용량에 기인 할 수 있습니다. 예를 들어, 현재 식품에는 1000 회 복용량에 비타민 D가 함유되어 있습니다. 나는 그것을 아주 좋아합니다. 리뷰 페이지에서 좋아하는 음식 목록에 추가했습니다.
비타민 D는 우연히 ""태양의 비타민""이라고 부르지 않습니다. 다른 영양소와 달리 음식에는 거의 없지만 피부를 열과 빛에 노출 시키면 최대 복용량으로 생성됩니다. 그러나 전형적인 러시아 여름이 3 개월 동안 덥고 햇볕이 잘 들면 약 30 일 동안 기껏해야 몸에서 충분한 양의 비타민에 대해 이야기하는 것만으로는 충분하지 않습니다. 나는 25 세 (그)의 분석을하고 29 세가 있다는 것을 알지 못했을 때까지 나는 모두와 마찬가지로 완벽한 무지로 살았다. 나는 처음에 적은 양의 복용량을 사용했다. 그런 다음 영양사의 죄수 팀에서 나이를 먹기 위해 10,000 파운드를 가져 가야한다고 배웠다. 입원 2 ~ 3 개월 후 68 세가되었습니다. 기쁨에는 한계가 없으며, 손톱의 각질 제거가 끝나고 신체 통증이 사라졌으며 어쨌든 기분이 나아졌습니다. 따라서 적자를 메우고 나처럼 건강하고 행복하게 지내십시오. 건강하고 행복하게 지내십시오! 제 리뷰가 도움이되기를 바랍니다.
블로그에 비타민 D와 칼슘에 관한 기사를 썼습니다. 이 두 요소는 서로 의존합니다. 비타민 D는 신체의 칼슘 흡수 및 조절에 기여합니다. 기사는 비타민 D와 칼슘 섭취에 대해 생각하고있는 사람들과 이미 마시는 사람들에게 유용 할 것입니다. 후자는 내분비 학자 협회 (Russian Association of Endocrinologists)가 제안한 표준과 복용량의 적절성을 비교할 수있을 것이다. ⠀⠀⠀⠀⠀⠀⠀⠀⠀⠀⠀⠀⠀⠀⠀⠀⠀⠀⠀⠀⠀⠀⠀⠀⠀⠀⠀⠀⠀⠀⠀⠀⠀⠀⠀⠀⠀⠀⠀⠀⠀⠀⠀⠀⠀⠀⠀⠀⠀⠀ vit 비타민 D는 음식물 섭취가 적고 자외선에 의한 인체 내 비타민 D 합성이 여러 가지 요인으로 인해 보충제로 추가로 섭취되어야한다는 것이 알려져있다. . ⠀⠀⠀⠀⠀⠀⠀⠀⠀⠀⠀⠀⠀⠀⠀⠀⠀⠀⠀⠀⠀⠀⠀⠀⠀⠀⠀⠀⠀⠀⠀⠀⠀⠀⠀⠀⠀⠀⠀⠀⠀⠀⠀⠀⠀⠀⠀⠀⠀⠀ ⠀⠀⠀⠀⠀⠀⠀⠀⠀⠀⠀⠀⠀⠀⠀⠀⠀⠀⠀⠀⠀⠀⠀⠀⠀⠀⠀⠀⠀⠀⠀⠀⠀⠀⠀⠀⠀⠀⠀⠀⠀⠀⠀ ⠀⠀⠀⠀⠀⠀⠀⠀⠀⠀⠀⠀⠀이 비타민 D-3는 닥터스 베스트 (Doc 's Best)에서 단일 캡슐에 5,000IU의 용량을 함유하고 있습니다. 라놀린 양털 지방에서 나온 비타민 D3. 이것은 천연 - 천연 비타민 D3를 얻는 가장 일반적인 방법입니다. 비타민 D3를 더 잘 흡수하기 위해 엑스트라 버진 올리브 오일을 젤라틴 캡슐에 넣었습니다. ⠀⠀⠀⠀⠀⠀⠀⠀⠀⠀⠀⠀⠀⠀⠀⠀⠀⠀⠀⠀⠀⠀⠀⠀⠀⠀⠀⠀⠀⠀⠀⠀⠀⠀⠀⠀⠀⠀⠀⠀⠀⠀⠀⠀⠀⠀⠀⠀⠀⠀ ⠀⠀⠀⠀⠀⠀⠀⠀⠀⠀⠀⠀⠀⠀⠀⠀⠀⠀⠀⠀⠀⠀⠀⠀⠀⠀⠀⠀⠀⠀⠀⠀⠀⠀⠀⠀⠀⠀⠀⠀⠀⠀⠀ ⠀⠀⠀⠀⠀⠀⠀⠀⠀⠀⠀⠀⠀ 그러나,이 용량은 안전한 상한을 초과하여 영구적 인 예방 적 투여에는 적합하지 않습니다. 이 복용량은 교정 적이며, 의사가 권장하는대로 짧은 과정에서 혈액 분석 25 (OH) D에 의해 설정된 비타민 D 결핍으로 마 십니다. 비타민 D를 포함하는 지용성 비타민의 과다 복용은 결핍보다 더 심합니다. ⠀⠀⠀⠀⠀⠀⠀⠀⠀⠀⠀⠀⠀⠀⠀⠀⠀⠀⠀⠀⠀⠀⠀⠀⠀⠀⠀⠀⠀⠀⠀⠀⠀⠀⠀⠀⠀⠀⠀⠀⠀⠀⠀⠀⠀⠀⠀⠀⠀⠀ ⠀⠀⠀⠀⠀⠀⠀⠀⠀⠀⠀⠀⠀⠀⠀⠀⠀⠀⠀⠀⠀⠀⠀⠀⠀⠀⠀⠀⠀⠀⠀⠀⠀⠀⠀⠀⠀⠀⠀⠀⠀⠀⠀ ㅇ 내분비 학자 협회 (Russian Association of Endocrinologists)는 비타민 D를 1 년에 예방 적으로 섭취 할 것을 권장하고있다. 1 년에 400IU, 1 년에서 50 년까지, 600IU, 50 년 이상, 1000 IU, 임신 및 수유 - 800-1000. 예방 적 용량은 햇볕에 노출되는 동안조차 교정 할 필요가 없습니다. 1000 IU는 성인의 최적 예방 용량에 기인 할 수 있습니다. 예를 들어, 현재 식품에는 1000 회 복용량에 비타민 D가 함유되어 있습니다. 나는 그것을 아주 좋아합니다. 리뷰 페이지에서 좋아하는 음식 목록에 추가했습니다. ⠀⠀⠀⠀⠀⠀⠀⠀⠀⠀⠀⠀⠀⠀⠀⠀⠀⠀⠀⠀⠀⠀⠀⠀⠀⠀⠀⠀⠀⠀⠀⠀⠀⠀⠀⠀⠀⠀⠀⠀⠀⠀⠀⠀⠀⠀⠀⠀⠀⠀ ⠀⠀⠀⠀⠀⠀⠀⠀⠀⠀⠀⠀⠀⠀⠀⠀⠀⠀⠀⠀⠀⠀⠀⠀⠀⠀⠀⠀⠀⠀⠀⠀⠀⠀⠀⠀⠀⠀⠀⠀⠀⠀⠀ ⠀⠀⠀⠀⠀⠀⠀⠀⠀⠀⠀⠀⠀ 내 리뷰는 내 페이지에서 찾을 수 있습니다 - 내 이름 SvetlanaShtein을 클릭하십시오. 리뷰가 도움이 되었다면 ""예""를 클릭하십시오. 고마워요! ⠀⠀⠀⠀⠀⠀⠀⠀⠀⠀⠀⠀"
"https://cloudinary.images-iherb.com/image/upload/f_auto,q_auto:eco/images/cgn/cgn00871/v/154.jpg","California Gold Nutrition, 유아용 DHA, 비타민D3 함유 오메가3, 1,050mg, 59ml(2fl oz)",California Gold Nutrition (캘리포니아 골드 뉴트리션),"₩16,129","₩1,209/제공량","분유나 음식에 넣어 섭취하거나 소아과 의사의 지시에 따르십시오. 투약에 편리한 계량 스포이트가 포함되어 있습니다. 사용 후에는 스포이트를 깨끗이 씻어 주십시오. 신선도를 유지하기 위해, 스포이트 손잡이에 오일이 들어가지 않도록 주의 하십시오. 원래의 뚜껑으로 닫아서 냉장 보관하십시오.","어린이의 손이 닿지 않는 곳에 보관하십시오. 보충제를 복용하기 전에 면허가 있는 의사, 약사, 자연 요법 의사, 기타 자격을 갖춘 의료 전문가와 상담하십시오.
1특히 아기가 요오드에 알레르기가 있거나 처방된 혈액 희석제를 복용 중이거나 수술 예정인 경우, 복용하기 전에 소아과 전문의와 상의하십시오.
밀봉 포장된 상품입니다. 안전 밀봉이 손상되거나 없는 경우에는 복용하지 마십시오. 서늘하고 건조한 곳에 보관하십시오. 열, 빛, 습기를 피해 보관하십시오.
개봉 후에는 냉장 보관하십시오. 개봉 후 3개월 이내에 사용하는 것이 가장 좋습니다.
특이사항: 액상 피쉬 오일은 공기(산소)와 접촉하거나 빛/열에 노출되면 곧바로 산화가 일어납니다. 산화는 피쉬 오일의 형태, 냄새 또는 맛에 영향을 미칠 수 있습니다. 즉, 액상 피쉬 오일 보충제가 개봉된 순간부터 산화가 일어날 수 있습니다. 보관 중에 발생할 수 있는 산화를 줄이기 위해 항상 최선을 다해야 합니다. 따라서 피쉬 오일은 개봉 후 반드시 세심한 주의가 필요합니다.
유아용 DHA를 원래 뚜껑을 단단히 밀봉하여 냉장고에 보관하십시오. 개봉 후 3개월 이내에 복용하십시오.",5000.0mg,"어유와 오메가 -3가 인터넷에서 아이들에게주는 유익에 대해 많이 쓰여졌습니다. 나는 복제하지 않으며 그들에게 diferamba를 부를 것이다. 그리고 왜 제가이 아이의 제조사 이름을 추가로 구입했는지 알려 드리겠습니다. 그래서, ""경험있는""엄마 리뷰와 유명한 Instagram 블로거 중 한 명인 의사와 영양사 내분비 학자의 추천을 받았다. 첫째, 나는 아이를위한 오메가 3가 액체 형태로 제공된다는 사실을 좋아했다. 나는 다른 제조사의 캡슐로 주문했는데 크기 때문에 거의 삼킬 수 없었다. 둘째로,이 제조자의 약은 그것의 구성에서 추가 첨가물 및 풍미를 포함하지 않기 때문에 저자 극성이다. 셋째, 비타민 D3의 존재. 당연히, 매일 비율을 위해 그것은 이젠 그만이 아니다, 그러나 나는 또한 D3를 포함하는 나의 딸 비타민을 준다. 넷째, 사용 편의성. 병 이외에 0.5 및 1 ml의 용량을 가진 피펫이 있습니다. 사용 후, 피펫은 철저히 씻어 내야하며 바이알은 캡으로 조여져 있어야합니다. 저장 한 유리 병을 냉장고에 보관해야합니다. 작은 냄새 나는 물고기의 냄새와 맛을 지적하고 싶습니다,하지만, 내 의견으로는, 그들은 발음하지 않으며 혐오를 일으키지 않습니다. 또한, 러시아어로 지시 부족. 결과는 거의 즉시 볼 수 있습니다. 신체의 모든 조직의 상태는 눈에 띄게 개선되며 일반적으로 다소 좋아집니다. 아마도 이것은 물론 자기 최면입니다. 그러나 나는 마지 못해 마셨다. 사랑하는 사람의 요청과 권고로 마침내 나는 자신을 고무시킬 수 없었다. 이 어유를 추천 해주십시오. 품질, 가격 정당화. 나는 너에게 유용하려고 노력했다! 유용하다고 생각하시면 ""예""를 클릭하십시오!
나는 아주 좋은 의사 블로거에게서이 특별한 오메가의 권고를 보았다. 샀다. 불만은 없습니다. 어린이들에게 1.5 년 8 년을주었습니다. 그것은 비타민 D3와 함께 제공하는 것이 매우 편리합니다! 아이들은 봄에 술을 마셨고 여름에는 휴식을 취했습니다. 이것은 아이들이 필요로하는 가장 필수적인 첨가물입니다. 어른들 =) 내 의견에 유용하다면, ""예""에 대해 감사 할 것입니다. - 감사합니다.
불행히도, 그들은 이전처럼 오늘날 오메가 -3의 이점에 대해 이야기하지 않습니다! 그러나 사실, 오메가 -3 (또는 어유라고 부르던)는 성장하는 신체를 대체 할 수 없습니다! OMEGA-3의 용도는 심장의 기능인 면역 체계를 지원합니다. -뇌, 눈 및 중추 신경계의 작용을 지원합니다. -아이들의 공부를 돕습니다 (기억력, 주의력, 집중력). -과잉 활동적인 어린이를 대체 할 수 없습니다. -수면을 정상화합니다. 도움이 되었으면 좋아요, 감사합니다)
약을 추천합니다. 나는 더 나은 흡수를 위해 칼슘과 함께 제공합니다. 칼슘 보충제에는 비타민 D도 포함되어 있습니다. 따라서 두 약을 동시에 복용하면 일일 요구량에 비해 비타민 D의 복용량을 거의 동일하게 유지합니다. 원치 않는 부작용이 발생하면 약물 중 하나를 취소할 수 있습니다.
이것은 훌륭한 DHA입니다. 1. 가격 2. 우수한 맛 3. 제품 품질, 사용 편의성 4. 우수한 결과 5. 많은 유용한 성분의 존재 6. 편리한 포장 및 유용한 성분, 크기 선택 기능 7. 몸에 좋은 이점 8. 천연 성분 나는 이 훌륭한 제품을 모든 사람에게 추천합니다. 설명과 기대에 완전히 부합합니다. 확인된 문제 없음
소아과 의사는 제 아이에게 태어날 때부터 비타민 D3를 섭취하라고 조언했습니다. iHerb에 대한 엄마 리뷰를 읽고 비타민 D3가 포함된 Baby DHA, Omega-3, 1050mg, 2fl oz(59ml)를 주문했습니다. 사용 권장 사항에서 제조업체는 어린이의 체중에 따라 어린이의 예방 용량을 나타냅니다. 매우 편리합니다. 아무것도 발명할 필요가 없으며 권장 사항을 따르십시오. 이제 내 아들의 무게는 8kg, 즉 2ml가 필요합니다. 이 계산을 사용하면 거의 한 달 동안 2ml의 용량으로 30일 동안 지속됩니다. 제조업체는 ""California Gold Nutrition Kids DHA는 트리글리세리드로 선호되는 형태로 야생 노르웨이 대구 간유에서만 독점적으로 공급되는 비타민 D3가 포함된 오메가-3 DHA입니다. 모든 배치는 잠재적으로 유해한 수준의 오염 물질(예: 수은과 같은 중금속)에 대해 테스트되며 순도 및 신선도에 대한 가장 엄격한 국제 표준을 초과합니다.” 즉, 가장 작고 순수한 제품을 위해! 그것은 나를 많이 사로잡습니다. 나는이 준비에서 어떤 단점도 보지 못했습니다. 우리는 비타민 D3 섭취에 문제가 없으며 생선 냄새가 있지만 불쾌하지는 않습니다. 알레르기나 기타 바람직하지 않은 부작용은 없습니다. 예, 싸지는 않지만 그러한 청소의 제품은 단순히 약간의 비용이 들 수 없습니다! 디스펜서를 사용하면 비타민을 수집하는 것이 매우 편리하며 복용량을 실수할 수 없습니다. 우리는 나이에 따라 발달하며 지연이 없습니다. 따라서 지금은 아들을 위해 이 비타민을 계속 구입할 계획입니다. 나는 추천한다."
"https://cloudinary.images-iherb.com/image/upload/f_auto,q_auto:eco/images/now/now00371/v/63.jpg","NOW Foods, 액상 비타민D-3, 엑스트라 스트렝스, 1,000IU, 30ml(1fl oz)",Now Foods (나우 푸드),"₩11,123",₩13/제공량,잘 흔들어 드십시오. 매일 1~2회 1방울씩 넣으십시오.. 직접 또는 좋아하는 음료에 섞어 드십시오. 지방 함유 식사와 함께 섭취하면 가장 좋습니다.,주의: 성인 전용 제품입니다. 영유아 또는 어린이에게 사용해서는 안 됩니다. 임신 또는 수유 중이거나 약을 복용하고 있거나 질환이 있다면 의사와 상담하십시오. 어린이의 손이 닿지 않는 곳에 보관하십시오.,0.04ml,"실제로 그는 우리를 도왔습니다. 1.5세에 딸아이의 치아 법랑질이 부드러워지기 시작하여 비타민 D가 부족하여 비타민 D를 섭취하기 시작했고 기적적으로 충치가 멈추고 행복에 한계가 없다는 것을 깨달았습니다. 매우 편리하고 사용하기 쉽습니다. 우리는 내일 모레 아침에 온 가족과 함께 술을 마십니다. 비타민 D는 인체의 미네랄 균형에 필수적인 지용성 물질입니다. 따라서 우리는 이 비타민을 지속적으로 복용하고 몇 배나 좋아지고 결과에 따라 소아과 의사가 필요한 복용량을 처방합니다. 나는 또한 연로한 부모를 위해 이 방울을 주문합니다. 만성질환으로 이미 많은 약을 복용해야 하는 점을 감안하면 드롭옵션이 매우 편리하다. 그리고 물론, 이 비타민을 섭취함으로써 얻을 수 있는 가장 중요한 결과는 다음과 같습니다. 혈액 내 비타민 D 수치를 유지하는 데 좋습니다.
한 방울에는 1000IU가 들어 있습니다. 이를 통해 비타민 섭취량을 조절할 수 있습니다. 매우 경제적인 항아리. 온 가족 또는 전체 코스에 충분합니다. 그리고 D3의 유익한 특성에 대해 저는 오랫동안 내 몸의 비타민 D 수치를 모니터링해 왔습니다. 실제로, 비타민 D3의 결핍은 뼈 발달 및 면역 기능 장애의 위험뿐만 아니라 심장병, 자가면역 장애, 나쁜 기분, 스트레스, 혈당 조절 장애 및 빠른 노화를 포함한 많은 다른 건강 문제와 관련이 있습니다.
우수한 비타민. 6세 어린이는 일주일에 3번 2시간 동안 운동을 하고 좋은 부하를 받으며 소아과 의사는 1000IU의 복용량으로 비타민 D-3를 투여할 것을 권장합니다. 우리는 그것을 한 달 동안 복용하고 있으며 면역력이 강해지고 스포츠 후 회복이 빠르고 쉽고 건강하고 숙면합니다. 약물의 양은 커서 오랫동안 충분히 사용할 수 있습니다. 1 캡을 가져 가라. 1일 1개월, 1년 2회(봄, 가을). 서늘하고 어두운 곳에 보관하십시오.
훌륭한 비타민 D! 품질이 우수합니다! 알레르기를 일으키지 않는 천연재료 사용! 건강은 감사합니다! 비타민 D 결핍은 면역 형성에 매우 중요합니다! 맛은 중성!추천합니다!빨리 혈중 비타민D 수치를 높였습니다!1000IU 한방울로 복용이 편리합니다! 나는 추천한다!
D3는 복용이 편리하고 온 가족이 복용할 수 있고 어린이부터 성인까지 개별적으로 복용량을 조절할 수 있기 때문에 나는 점적을 좋아합니다. 시험을 치르기 전에 반드시 응시하십시오. K2와 함께 고용량을 복용하는 것이 바람직하고 소량이면 필요하지 않습니다. 아침 식사 전이 아닌 아침 식사 중에 복용하는 것이 좋습니다. 구매하는 것을 추천합니다!"
"https://cloudinary.images-iherb.com/image/upload/f_auto,q_auto:eco/images/nfs/nfs01059/v/35.jpg","Natural Factors, 아기용 비타민 D3, 딸기 맛, 400 IU, 100 추어블정",내추럴 팩터스,"₩5,635",₩56/제공량,"만 3세 이상용: 하루 1-2회, 1정씩 드시거나 전문의의 지시에 따라 드십시오.","다른 보충제와 마찬가지로, 임신 또는 수유 중이거나, 임신을 계획 중이거나, 약물을 복용 중이거나, 질병이 있거나, 수술 예정인 분은 복용 전에 의료 전문가와 상의하십시오. 어린이의 손이 닿지 않는 곳에 보관하십시오.
소비자 보호를 위해 안전 밀봉되었습니다. 밀봉이 훼손되어 있다면 사용하지 마십시오. 신선도 유지를 위해 서늘하고 건조한 곳에 보관하십시오.",0.01000000mg,"조카를 위해 비타민을 주문했습니다. 겨울철에는 특히 태양이 그리워지며 비타민 D3가 이러한 결핍을 보충할 수 있습니다. 태블릿의 크기는 작고 맛은 딸기입니다. 많은 아이들이 좋아할 것입니다. 우리는 이미 이 회사에서 D3를 가져왔습니다. 면역 체계가 강화되었으며 테스트 결과 모든 것이 정상임을 보여주었습니다. 구매하는 것이 좋습니다. Natural Factors의 품질은 언제나처럼 만족스럽습니다.
D3는 신체의 완전한 균형을 위한 필수 비타민 중 하나입니다. 나는 지속적으로 아연을 섭취합니다. 나는 균형 잡힌 유기적이며 잘 삼켜진 이 비타민의 맛을 정말 좋아합니다. 일반적으로 건강 상태가 우수하고 눈 아래의 멍이 사라지고 위장 문제도 사라졌습니다. 확실히 추천합니다.
면역 강화를 위해 이 비타민을 주문했습니다. 나는 맏이 2 정, 막내 1 정을주고 맛이 좋아 기쁘게 받아 들입니다. 나는 예방을 위한 우수한 복용량인 내분비학자와 상의했습니다. 이번이 두 번째 주문이고 첫 번째 주문은 한 달 반 정도면 충분하고 이미 결과를 판단할 수 있습니다. 장녀는 학년 초에 2 주마다 병원에 갔지만 훨씬 덜 자주 아프기 시작했지만 이제는 한 달 반에 한 번 질병이 더 쉽고 막내가 감염되지 않습니다 .
이것은 훌륭한 비타민 D3입니다. 1. 가격 2. 우수한 맛 3. 제품의 품질 4. 우수한 결과 5. 면역에 도움이 되는 많은 유용한 물질의 존재 6. 편리한 포장 및 유용한 성분, 크기와 복용량을 선택하십시오. 7. 몸에 좋은 이점 8. 천연 성분 이 훌륭한 제품을 모든 사람에게 추천합니다. 설명과 기대에 완전히 부합합니다. 확인된 문제 없음
비타민 D3는 음식에서 칼슘의 신체 흡수를 향상시키기 때문에 강한 뼈와 치아를 유지하는 데 필수적입니다. 칼슘 섭취는 또한 면역 체계를 개선하고 신경계와 근육의 건강을 유지하는 데 도움이 됩니다. 게다가 맛있는 딸기향까지. 기본적으로 아이들에게 필요한 모든 것.
비타민 D는 이 대유행 기간 동안 우리의 면역력을 형성하는 데 매우 중요한 역할을 합니다. 코로나19로 인해 아이들이 놀거나 활동적인 활동을 거의 하지 않아 태양으로부터 비타민 D를 얻을 기회가 줄어들고 있습니다. 그래서 저는 이 비타민을 우리 아이의 일일 비타민 D 필요량을 충족시키기 위해 대안으로 줍니다. 비타민의 형태가 작아서 씹기 쉽고 맛이 좋아 아이가 정말 좋아합니다. 가격도 저렴하고 1병으로 약 3개월 사용이 가능합니다. 저렴한 가격에 양질의 비타민을 제공하는 iHerb에 감사드립니다.
아이들을 위한 훌륭한 비타민 D. 아주 좋은 복용량. 아이는 기쁨으로 먹고, 또한 시도하고, 맛있습니다. 맛에 관해서는 딸기 맛이 확연하다고는 할 수 없습니다. 인지적 이점도 주목할 만합니다. 내 집중력, 기분 및 정신 선명도는 이전보다 좋습니다. 전반적으로 삶의 질이 크게 향상되었다고 느낍니다.
이전에 젤라틴 캡슐로이 보충제를 구입했을 때 물론 차이를 즉시 평가할 수 없었습니다. 심장을 유지하기 위해 복용했습니다. 효과가 마음에 들었고 복용량을 늘리려고했지만 심장 박동이 불안해졌습니다. 불행히도 의사가 항상 유능한 것은 아니기 때문에 IHERB와 리뷰를 작성하는 모든 사람 덕분에 보충제 선택을 결정하는 데 많은 도움이 됩니다."
"https://cloudinary.images-iherb.com/image/upload/f_auto,q_auto:eco/images/sol/sol35872/v/132.jpg","Solgar, 비타민D3(콜레칼시페롤), 250mcg(10,000IU), 소프트젤 120정",솔가,"₩21,181",₩176/제공량,"성인용 보충제로 매일 1회, 가급적 식사와 함께 소프트젤 1정을 복용하거나 의료 전문가의 지시에 따라 복용하십시오.","임신, 수유 중이거나 약물을 복용하고 있거나 질환이 있는 경우에는 보충제를 복용하기 전에 의료 전문가와 상의하십시오. 부작용이 발생하면 사용을 중단하고 의료 전문가와 상담하십시오. 어린이의 손이 닿지 않는 곳에 보관하십시오. 실온에서 보관하십시오. 외부 용기 밀봉이 없거나 손상된 경우에는 사용하지 마십시오.",0.25mg,"비타민 D3는 심장 발작의 위험을 줄이고 뇌졸중 후 대뇌 혈관 재생에 중요한 역할을합니다. 이 결론은 비타민 D3에 대한 미국의 연구자에 의해 만들어졌다. 심혈관 계통에 대한 비타민 D3의 특별한 이점은 오하이오 대학의 직원에 의해 발견되었습니다. ""햇빛의 영향으로 몸에서 생성 된 비타민 D3는 심장과 혈관의 조직을 복원 할 수 있습니다.""- Medical Xpress에서의 의견. 과학자들은 혈관을 감싸는 내피 세포에 비타민 D3가 어떻게 작용 하는지를 관찰 해왔다. 이를 위해 그들은 인간의 머리카락보다 얇은 독특한 나노 센서를 개발했습니다. 관측에 따르면 D3의 영향으로 혈전 위험이있는 혈병 형성 과정의 강도가 감소하는 것으로 나타났습니다. 이 연구에 관한 기사에서 과학자들은 비타민 D3가 고혈압, 당뇨병, 죽상 경화증과 같은 여러 질병에서 심혈관 계통의 회복에 기여할 수 있다고 제안했습니다. 나는 10,000 IU를 먹는다. 매주 월요일, 환경, 금요일. 3 주간. 나는 허혈성 심장병, 죽상 동맥 경화증, 부정맥, 닥터. 심장 혈관계에 유의 한 영향. 만족 한 상태에서. 비타민 D가 함유 된 90 세의 제품을 정기적으로 사용하면 칼슘 700mg과 함께 약 500mg의 미네랄이 함유되어 2 ~ 3 년 내에 뼈가 더 강 해져 50 세가됩니다. 또한 비타민 D3는 면역 체계를 자극 할 수 있습니다. 태어나지 않은 아기의 구루병을 예방하기 위해서는 임신 중에 D 그룹 비타민의 적절한 섭취가 특히 중요합니다. 피드백이 유용 할 경우 ""예""를 입력하십시오.
의사는 매우 심한 피로, 웅크 리고 수면 등을 원하지 않았으며 비타민 D3 10000 + omega3 950을 하루에 두 번, 1 캡슐을 마시는 것이 좋습니다. 역학을 추적하기 위해 2019 년 7 월 12 일에 분석이 통과되었습니다. 비타민 D 지표는 23.2 ng / ml이며 테스트에 따르면 ""단점""입니다. 그런 양으로, 나는 1 개월 동안 비타민을 마셨고, 그 후 다른 전문가는 하루에 20,000 mg의 비타민 D3가 다량 복용한다고 의사에게주의를 기울여야하며 그러한 양을 스스로 처방해서는 안된다고 설명했습니다. 의사는 비타민 D의 복용량을 10,000 (1 일 1 캡슐)로 줄이고, 오메가 3 2 캡슐을 계속 마시고, 비타민 K를 보충하면 비타민 K를 더 잘 흡수 할 수 있다고 설명하면서 비타민 D를 더 잘 흡수 할 것을 권장했습니다. 3. 신체 상태가 오래 전부터 최고 수준에 도달했습니다 (처음 복용 한 지 2 주가 지난 후에 느꼈습니다). 현재는 피로감, 약점, 졸음 증상이 없습니다. 10/31/2019는 84.4 ng / ml의 지표 인 비타민 D에 대해 테스트되었습니다. 나는 그런 결과를 기대하지 않았기 때문에 매우 기쁘다 !!! 의사가 설명했듯이 비타민 D3 10000은 다소 큰 복용량이며 추가 테스트를 거치지 않고 증가 된 수준과 6 개월 이상 사용하는 것은 권장하지 않습니다. 의사는 또한 햇빛이 부족한 지역 (상트 페테르부르크)에서는 비타민 D3 섭취가 지속적으로 필요하며 그렇지 않으면 단순히 넘어 질 것이라고 설명했습니다. 또한 일일 복용량의 250 %에 해당하는 50mg 캡슐에 Carlson (omega 3, D + K) 비타민 D3로 전환하는 것이 좋습니다. 결론적으로, 나는 사랑하는 모든 사람들을이 비타민 D3에 심었다 고 말할 수 있습니다. 정말 작동합니다!
나는 일주일 동안 비타민 D3를 복용 해왔다. 그 전에 나는이 봄철에 비타민을 섭취했으나 복용량은 600 IU였습니다. 긍정적 인 효과는 분명합니다.이 항아리가 아무 곳이나 끝내지 않아이 작업장에서 비타민 D3를 발견하지 못하면 작업 능력이 향상되고 일반적인 복지가 개선되었습니다. 액체 형태로 계속해서 비타민 D3를 마시기로 결정했습니다. 그 차이는 하늘과 땅입니다. 나는 전혀 아무것도 느끼지 않았다. 제 생각이 당신에게 유용했다면 예를 들어주십시오)"
"https://cloudinary.images-iherb.com/image/upload/f_auto,q_auto:eco/images/nor/nor53787/v/55.jpg","Nordic Naturals, 영아용 DHA, 비타민D3 함유, 1,050mg, 60ml(2fl oz)",Nordic Naturals (노르딕 내추럴스),"₩19,745","₩1,645/제공량",아기가 요오드 알레르기가 있거나 혈액 희석제를 사용하는 경우에는 본 제품을 사용하기 전에 의사와 상담하십시오.,"아기가 요오드 알레르기가 있거나 혈액 희석제를 사용하는 경우에는 본 제품을 사용하기 전에 의사와 상담하십시오.
안전 밀봉이 파손되었거나 없는 경우에는 복용하지 마십시오.
개봉 후에는 냉장 보관하십시오.
어린이의 손이 닿지 않는 곳에 보관하십시오.",4500.0mg,"1.5 세의 나이로 아이를 낳았습니다. 도징을위한 피펫은 편리합니다, 그것은 마지막 한 방울까지 액체를 선택할 수 있습니다. 나는 복용량에 표시된 것보다 약 4 분의 1을 덜 주었는데, 그 이유는 아이가 더 작은 복용량을 기꺼이 먹었으므로 더 큰 용량으로 그는 이미 비뚤어졌습니다. 여러 번 스푼에서 나온 죽을 함께 가져 가라. 별도로 아이를 삼키기가 준비되지 않았습니다. 맛과 일관성에 적응하는 것이 며칠 후 제품이 더 쉽게 진행되었습니다. 겨울이면 나는이 과정을 반복 할 생각이다. 끝까지 내 리뷰를 읽으 셨다면 그 유용성을 표시하는 예를 클릭하십시오. 관심을 가져 주셔서 감사합니다.
이 생선 기름을 3 개월부터 복용하기 시작했습니다. 나는 그것이 흡수되었는지 아닌지를 이해할 수 없다. 사물의 논리에 따르면, 아이는 6 개월 만에 효소를 개발하기 시작합니다.이 효소는 모유뿐만 아니라 모유까지도 처리합니다. 몇 번의 리셉션을 마친 후, 나는 10 분 후에 아이가 나르는 것을 알아 차린다. 리뷰에서 나는 3 개월과 6 개월 사이에 지방이 출생시에 주어 졌다고 한탄했다. 누가 나를 유능하게 대답 할 것인가?)) 그리고 나는이 어유의 초기 섭취 연령을 알려주고 가능하면 러시아어로 번역한다. 고마워요)
생선 기름의 장점은, 내가 생각하는, 그래서 잘 알려져 많은 정보를 기록하지 않습니다. 사년 및 구년 - 나는 그들의 꼬마를 주문하기로 결정했다. 내가 말할 수있는 것은, 물론,하지 캡슐 형태는 특히 나이가 까다 롭고에서, 응용 프로그램에서 어려움을 야기 :)하지만! 내가 기억 어떤 이유로 나의 어머니는 자신의 어린 시절 항상 생선 기름을 준 나에게, 그것도 여름 캠프에, 숟가락으로했다. 이것은 확실히 고정 관념이지만, 나는 일반적으로 (나의 아이들 :)의 기쁨)와 같은 형태로 더 많은 자신감의 이유가, 곱셈 테이블이 우리가 아무런 문제를 배운 적이, 내 아이가 메모리 어려움 때때로, 결과는 이미 사용 2 주. 내 리뷰가 당신에게 도움이 될 경우 오일) : 기여했다 생선을 제안 할 수 있습니다, YES, 당신의 건강과 꼬마를 :)하십시오 클릭 :)
울 아기에게 먹일 첫번째 비타민!! 이 비타민 먹고 얼굴이 태열처럼 번져서 얼굴을 긁고 귀에 진물이 나고 넘 속상하네요 확인해보니 생후 6개월 전 아기는 모유나 분유 외에는 소화하기 어렵다고 해요 혹시 아기가 6개월 안 됐다면 알레르기 반응이 있을 수 있으니 조심하세요"
"https://cloudinary.images-iherb.com/image/upload/f_auto,q_auto:eco/images/sre/sre00436/v/62.jpg","Sports Research, 코코넛 오일 함유 비타민D3, 125mcg(5,000IU), 소프트젤 360정",Sports Research (스포츠 리서치),"₩27,614",₩61/제공량,"성인 기준, 하루에 소프트젤 1정씩 음식과 함께 복용하거나 자격을 갖춘 의료 전문가의 지시에 따르십시오.","주의:어린이와 반려동물이 접근할 수 없는 곳에 보관하십시오. 임신 또는 수유 중이거나, 질병이 있거나, 처방약을 복용 중인 분은 본 제품을 복용하기 전에 자격을 갖춘 의료 전문가와 상의하십시오. 하루 권장 복용량을 초과하지 마십시오. 안전 밀봉이 손상되었거나 없는 경우에는 사용하지 마십시오. 건조한 곳에서 실온 보관하십시오. 과도한 열이나 냉기, 습기, 빛을 피하십시오.",0.125mg,"• 필수 보충제. 태양은 캡슐에 밀봉되었습니다. 그것 없이는 칼슘의 정상적인 흡수가 불가능하고, 그것의 섭취는 구루병과 골다공증을 예방하고, 신체가 바이러스에 저항하도록 돕고, 혈액 응고 및 갑상선 기능에 영향을 미치고, 비만을 예방하고, 암세포의 성장을 억제하고, 자유 라디칼의 유해한 영향으로부터 뉴런을 보호하여 조기에 뇌를 보호합니다 둔함. 그리고 분위기! 기분은 또한이 태양 비타민의 수준에 따라 다릅니다. ❣️ 바이러스에 대한 신체의 저항력을 증가시킵니다. • 우리는이 햇볕이 잘 드는 비타민을 일년 내내 복용하고 여름에는 복용량을 줄이고 바다에서 수영복을 입은 2 ~ 3 주 동안은 완전히 취소합니다.
비타민 D 결핍에 대해서는 모든 것을 들었습니다. 모든 주요 비타민 / 미네랄 테스트가 너무 비쌉니다. 따라서, 공리로서,이 비타민의 부족 복용, 나는 끊임없이 아침에 1 캡슐을 가져 가라. 현재 여러 회사에서 비타민 D에 대한 옵션을 구매하고 있습니다. 이 약에는 불만이 없으며 부작용도 발견되지 않습니다. 이 효과는 추적하기가 어렵습니다. 왜냐하면 나는 복잡한 곳에서 많은 것을 받아들입니다. 나는 계속해서 짧은 휴식을 취하면서 계속해서 나아갈 계획이다. 복용량은 평균이므로 오랜 시간이 걸릴 수 있습니다. 우리 모두 아름다움과 건강!
저는 2018 년 말부터 IHERB 일반 고객입니다. 이 사이트와 그것이 제공하는 제품에 사랑에 빠졌습니다. 되돌릴 수 없습니다))) 그리고 비타민 D3와 함께 사이트와의 우정이 시작되었습니다. 물론 선택은 여기에서 훌륭합니다. 초보자이자 2 년 전 비타민에서 철자가 정확한지 (웃긴 웃는 얼굴) 만 이해 한 사람으로서 저는 브랜드, 구성 및 소화율을 이해하지 못하는 가장 저렴한 것을 구입했습니다. 시행 착오를 거쳐 나와 내 가족이 좋아하는 두 가지를 확인했습니다. 어린이에게는 Nature 's Answer 비타민 D3 드롭스, 100mcg (4000 IU), 우리 (성인)에게는 코코넛 오일이 함유 된 비타민 D3입니다. 그가 좋다고 말하는 것은 기분을 상하게하는 것과 같습니다.))) 그는 오늘 우리에게 최고입니다. 결과 : 온 가족의 건강과 좋은 면책. 저의 많은 친구들과 동료들은 불신과 함께 비타민에 대해 회의적입니다. 모두가 저를 찌르고이 주제를 놀리려고 애 쓰지만, 저는주의를 기울이지 않고 우리가 인생을 즐기고 병에 걸리는 빈도는 줄지 만 다른 약국의 문턱을 무너 뜨린다 고 말합니다. 그게 다야! 같은 생각을 가진 사랑하는 사람들이 건강하기를 바랍니다. 당신의 선택을 도와 주 셨다면 좋아요를 눌러 주셔서 기쁩니다)
유기 코코넛 오일에 함유 된 5000 IU 비타민 D는 섭취하는만큼 좋습니다. Softgels는 작고, 무취이며, 경이로울 수 있습니다. 비타민 D가 장에 지방산이 있고 캡슐의 코코넛 오일이 충분하지 않을 때 비타민 D가 잘 흡수되기 때문에 식사와 함께 복용하는 것이 좋습니다.
나는 제조업체가 권장하는대로 항상 지방이 포함 된 아침 식사 후에 매일 5000ME의 복용량으로 비타민 D를 지속적으로 섭취합니다. 이 준비에서 5000IU의 비타민 D는 가을 겨울 봄 시즌에 우수합니다. 캡슐에는 이미 코코넛 오일이 포함되어 있으며 약물 흡수에 대한 추가 보너스입니다. 부작용이 없습니다. 나는이 비타민 D를 추천합니다! 나는 당신 모두 건강을 기원합니다!
나는 4 년 동안 iHerb에서 비타민 D3을 정기적으로 사용했습니다. 우리 가족 모두는 비타민 D를 사용하여 50-80 ng / ml 수준을 유지합니다. 이는 사망률 감소와 전신 질환 위험 감소와 관련이 있습니다. 수준은 25- 하이드 록시 칼시 페롤의 분석에 의해 제어됩니다. 이 수준을 유지하기 위해 보통 매일 1000-2000UI를 사용합니다. 따라서이 약은 때때로 용량을 놓친 ""경증""가족을 위해 복용되었습니다. 뇌와 혈관에 비타민 D의 이점에 대한 최신 연구는 지속적인 사용의 정확성을 강화시켜주었습니다. ❶ 혈액 내 비타민 D 수치가 낮 으면 동맥 경화 (신축성 상실)가 증가하여 동맥이 혈류와 압력을 적절히 조절하지 못하게되어 결국 심장 마비 나 뇌졸중으로 이어집니다. 비타민 D 보충제는 내피 기능을 향상시키고 동맥 경화를 감소시킵니다. D_ 높은 수준의 비타민 D는 뇌를 보호하고, 낮은 수준은 미래의인지 기능 장애, 치매 및 알츠하이머 병의 위험을 크게 증가시킵니다. 비타민 D 수치는 뇌 구조와도 관련이 있습니다. 뇌 기능의 정상적인 연령 관련 감소는 위축 (연령에 따른 뇌 조직 체적 손실)에 의해 발생합니다. 연구에 따르면 고농도의 비타민 D는 많은 양의 회백질과 관련이 있습니다. 또 다른 흥미로운 연구 : 사람의 비타민 D 수치는 13 년 후에인지 문제를 예측할 수 있습니다. ✸_ 매일 건강에 비타민 D의 중요성을 보여주는 연구 결과가 발표됩니다. 비용은 다른 약물과 비교할 때 1 페니이므로 비타민 D는 경제적이고 효과적인 치료법이라고 생각합니다! 따라서 항상 구매합니다. 관심을 가져 주셔서 감사합니다!"
"https://cloudinary.images-iherb.com/image/upload/f_auto,q_auto:eco/images/sre/sre01014/v/74.jpg","Sports Research, 비타민D3, 엑스트라 스트렝스, 125mcg(5,000IU), 소프트젤 30정",Sports Research (스포츠 리서치),"₩13,784",₩321/제공량,"이 제품은 건강 보조 식품으로, 건강한 성인은 매일 식후 액상 소프트젤 1정을 복용하십시오. 자격을 갖춘 건강 관리 전문가의 지시에 따라 섭취하는 것이 가장 좋습니다.","주의: 어린이와 반려동물이 접근할 수 없는 곳에 보관하십시오.
임신 또는 수유 중이거나, 질환이 있거나, 처방 약을 복용 중인 분은 본 제품을 사용하기 전에 의사와 상의하십시오. 1일 권장 복용량을 초과하지 마십시오. 안전 밀봉이 손상되었거나 없는 경우에는 사용하지 마십시오. 건조한 곳에서 실온 보관하십시오. 과도한 열이나 냉기, 습기, 빛을 피하십시오.",0.125mg,"• 필수 보충제. 태양은 캡슐에 밀봉되었습니다. 그것 없이는 칼슘의 정상적인 흡수가 불가능하고, 그것의 섭취는 구루병과 골다공증을 예방하고, 신체가 바이러스에 저항하도록 돕고, 혈액 응고 및 갑상선 기능에 영향을 미치고, 비만을 예방하고, 암세포의 성장을 억제하고, 자유 라디칼의 유해한 영향으로부터 뉴런을 보호하여 조기에 뇌를 보호합니다 둔함. 그리고 분위기! 기분은 또한이 태양 비타민의 수준에 따라 다릅니다. ❣️ 바이러스에 대한 신체의 저항력을 증가시킵니다. • 우리는이 햇볕이 잘 드는 비타민을 일년 내내 복용하고 여름에는 복용량을 줄이고 바다에서 수영복을 입은 2 ~ 3 주 동안은 완전히 취소합니다.
비타민 D 결핍에 대해서는 모든 것을 들었습니다. 모든 주요 비타민 / 미네랄 테스트가 너무 비쌉니다. 따라서, 공리로서,이 비타민의 부족 복용, 나는 끊임없이 아침에 1 캡슐을 가져 가라. 현재 여러 회사에서 비타민 D에 대한 옵션을 구매하고 있습니다. 이 약에는 불만이 없으며 부작용도 발견되지 않습니다. 이 효과는 추적하기가 어렵습니다. 왜냐하면 나는 복잡한 곳에서 많은 것을 받아들입니다. 나는 계속해서 짧은 휴식을 취하면서 계속해서 나아갈 계획이다. 복용량은 평균이므로 오랜 시간이 걸릴 수 있습니다. 우리 모두 아름다움과 건강!
저는 2018 년 말부터 IHERB 일반 고객입니다. 이 사이트와 그것이 제공하는 제품에 사랑에 빠졌습니다. 되돌릴 수 없습니다))) 그리고 비타민 D3와 함께 사이트와의 우정이 시작되었습니다. 물론 선택은 여기에서 훌륭합니다. 초보자이자 2 년 전 비타민에서 철자가 정확한지 (웃긴 웃는 얼굴) 만 이해 한 사람으로서 저는 브랜드, 구성 및 소화율을 이해하지 못하는 가장 저렴한 것을 구입했습니다. 시행 착오를 거쳐 나와 내 가족이 좋아하는 두 가지를 확인했습니다. 어린이에게는 Nature 's Answer 비타민 D3 드롭스, 100mcg (4000 IU), 우리 (성인)에게는 코코넛 오일이 함유 된 비타민 D3입니다. 그가 좋다고 말하는 것은 기분을 상하게하는 것과 같습니다.))) 그는 오늘 우리에게 최고입니다. 결과 : 온 가족의 건강과 좋은 면책. 저의 많은 친구들과 동료들은 불신과 함께 비타민에 대해 회의적입니다. 모두가 저를 찌르고이 주제를 놀리려고 애 쓰지만, 저는주의를 기울이지 않고 우리가 인생을 즐기고 병에 걸리는 빈도는 줄지 만 다른 약국의 문턱을 무너 뜨린다 고 말합니다. 그게 다야! 같은 생각을 가진 사랑하는 사람들이 건강하기를 바랍니다. 당신의 선택을 도와 주 셨다면 좋아요를 눌러 주셔서 기쁩니다)
유기 코코넛 오일에 함유 된 5000 IU 비타민 D는 섭취하는만큼 좋습니다. Softgels는 작고, 무취이며, 경이로울 수 있습니다. 비타민 D가 장에 지방산이 있고 캡슐의 코코넛 오일이 충분하지 않을 때 비타민 D가 잘 흡수되기 때문에 식사와 함께 복용하는 것이 좋습니다.
나는 제조업체가 권장하는대로 항상 지방이 포함 된 아침 식사 후에 매일 5000ME의 복용량으로 비타민 D를 지속적으로 섭취합니다. 이 준비에서 5000IU의 비타민 D는 가을 겨울 봄 시즌에 우수합니다. 캡슐에는 이미 코코넛 오일이 포함되어 있으며 약물 흡수에 대한 추가 보너스입니다. 부작용이 없습니다. 나는이 비타민 D를 추천합니다! 나는 당신 모두 건강을 기원합니다!
나는 4 년 동안 iHerb에서 비타민 D3을 정기적으로 사용했습니다. 우리 가족 모두는 비타민 D를 사용하여 50-80 ng / ml 수준을 유지합니다. 이는 사망률 감소와 전신 질환 위험 감소와 관련이 있습니다. 수준은 25- 하이드 록시 칼시 페롤의 분석에 의해 제어됩니다. 이 수준을 유지하기 위해 보통 매일 1000-2000UI를 사용합니다. 따라서이 약은 때때로 용량을 놓친 ""경증""가족을 위해 복용되었습니다. 뇌와 혈관에 비타민 D의 이점에 대한 최신 연구는 지속적인 사용의 정확성을 강화시켜주었습니다. ❶ 혈액 내 비타민 D 수치가 낮 으면 동맥 경화 (신축성 상실)가 증가하여 동맥이 혈류와 압력을 적절히 조절하지 못하게되어 결국 심장 마비 나 뇌졸중으로 이어집니다. 비타민 D 보충제는 내피 기능을 향상시키고 동맥 경화를 감소시킵니다. D_ 높은 수준의 비타민 D는 뇌를 보호하고, 낮은 수준은 미래의인지 기능 장애, 치매 및 알츠하이머 병의 위험을 크게 증가시킵니다. 비타민 D 수치는 뇌 구조와도 관련이 있습니다. 뇌 기능의 정상적인 연령 관련 감소는 위축 (연령에 따른 뇌 조직 체적 손실)에 의해 발생합니다. 연구에 따르면 고농도의 비타민 D는 많은 양의 회백질과 관련이 있습니다. 또 다른 흥미로운 연구 : 사람의 비타민 D 수치는 13 년 후에인지 문제를 예측할 수 있습니다. ✸_ 매일 건강에 비타민 D의 중요성을 보여주는 연구 결과가 발표됩니다. 비용은 다른 약물과 비교할 때 1 페니이므로 비타민 D는 경제적이고 효과적인 치료법이라고 생각합니다! 따라서 항상 구매합니다. 관심을 가져 주셔서 감사합니다!"
"https://cloudinary.images-iherb.com/image/upload/f_auto,q_auto:eco/images/now/now00378/v/38.jpg","NOW Foods, 비타민D3, 최대 효능, 50,000IU, 소프트젤 50정",Now Foods (나우 푸드),"₩15,826",₩316/제공량,일주일에 한 번 지방이 함유된 식사와 함께 소프트젤 1정을 섭취하거나 담당 의사의 지시에 따르십시오.,"본 제품은 자연적인 색 변화가 발생할 수 있습니다.
개봉한 후에는 서늘하고 건조한 곳에 보관하십시오.
임신 또는 수유 중인 경우, 담당 의사의 감독하에서만 복용하십시오. 약물을 복용 중이거나(특히 강심배당체, 아토르바스타틴, 티아자이드 이뇨제) 질병(특히 고칼슘혈증, 부갑상샘 기능항진증)이 있는 경우, 본 제품을 복용하기 전에 의사와 상의하십시오. 반복적인 소화 불량, 과도한 갈증 및 배뇨, 근육통, 허약증세, 가슴 두근거림이 발생하면 의사와 상의하십시오. 어린이의 손이 닿지 않는 곳에 보관하십시오.",1.25mg,"내가 가장 좋아하는 제조업체는 50,000me의 용량으로 d3를 출시했습니다. 이것은 좋은 소식입니다. 나는 처음으로 참신한 것을 사려고 서둘렀습니다. 이 복용량에서 비타민을 발견하게 되어 기쁩니다. 비타민 D3 결핍증으로 의사에게 처방받았습니다. 작은 캡슐은 삼키기 쉽습니다. . 이것은 단지 좋은 소식이고, 나는 첫 번째 신제품 중 하나를 구입하기 위해 서둘렀습니다. 항아리는 d3 10,000 now food에서와 같이 표준입니다. 캡슐 개수는 50개. 하지만 캡슐 하나당 위력은 10배! 한번에 많은 양을 처방받는 분들에게 d3를 복용할 수 있는 좋은 기회입니다. 그것은 매우 편안합니다
나는 피로를 호소하여 치료사를 방문했습니다. 그들은 비타민 D가 낮은 것으로 나타났습니다. 가장 중요한 기능은 우리의 골격계, 즉 생리적 범위에서 칼슘과 인의 혈청 수준을 유지하는 것입니다. 뼈 성장과 뼈 광물화를 촉진하는 것은 이러한 미네랄입니다. 이것은 십이지장에서 비타민 D의 수용체 효과로 인해 발생합니다: 인과 칼슘의 흡수 효율 증가, 신장에서 사구체 여과액으로부터 칼슘 재흡수, 뼈에서 파골세포 전구체의 분화. 비타민 D 결핍은 뼈 기형(어린이의 경우 구루병, 성인의 경우 골연화증1) 및 이차성 부갑상선 기능 항진증의 징후로 이어질 수 있습니다. 비타민 D는 면역 세포의 활성화에 참여하고 항감염 및 항종양 특성을 지닌 내인성 펩타이드(디펜신 및 카텔리시딘)의 합성을 촉발함으로써 선천성 및 후천성 면역을 모두 향상시킵니다. 또한 많은 연구에서 비타민 D 수치와 전염병 사이의 관계가 밝혀졌습니다2. 감소된 수준의 비타민 D를 배경으로 항염증성 사이토카인 수준이 증가하여 면역 반응의 효과에 상당한 영향을 미칩니다3,4. 이 비타민이 부족하면 급성 호흡기 및 장 질환이 발생할 위험이 높아집니다. 그리고 일일 기준의 보충을 포함하는 치료 요법은 항염증제의 활성화로 인한 합병증의 위험을 줄입니다. 나는 이 코스를 마셨고 시험을 다시 보았고 모든 것이 정상이었습니다. 더 경계하고 활동적으로 변했습니다
내가 가장 좋아하는 제조업체는 50,000me의 용량으로 d3를 출시했습니다. 이것은 단지 좋은 소식이고, 나는 첫 번째 신제품 중 하나를 구입하기 위해 서둘렀습니다. 항아리는 d3 10,000 now food에서와 같이 표준입니다. 캡슐 개수는 50개. 하지만 캡슐 하나당 위력은 10배! 비타민 D는 기쁨과 기분의 원천입니다. 태양의 영향으로 몸에서 자연적으로 배설됩니다. 약은 좋은 가격으로 우수하지만 약은 모든 사람에게 적합하지 않습니다!
이것은 훌륭한 비타민 D3입니다. 여러 가지 면에서 마음에 들었습니다. 1. 가격 2. 훌륭한 맛 3. 제품의 품질 4. 우수한 결과 5. 많은 유용한 물질의 존재 6. 편리한 포장 및 유용한 성분, 크기 및 복용량 7. 건강과 면역을 위한 큰 이점 8. 천연 성분 나는 이 훌륭한 제품을 모든 사람에게 추천합니다. 설명과 기대에 완전히 부합합니다. 확인된 문제 없음
고용량의 양질의 비타민. 비타민 D - 호흡기 감염으로부터 신체를 보호하기 위해 면역 체계 반응을 향상시킵니다. 일주일에 한 번 또는 의사의 지시에 따라 1캡슐을 지방 함유 식사와 함께 섭취하십시오. 포장이 아름답습니다. 나는 결과에 만족하며 모두에게 조언합니다."
"https://cloudinary.images-iherb.com/image/upload/f_auto,q_auto:eco/images/nfs/nfs01051/v/12.jpg","Natural Factors, 비타민D3, 25mcg(1,000IU), 180정",내추럴 팩터스,"₩7,759",₩38/제공량,하루 1정 또는 의료 전문가의 지시에 따라 복용하십시오.,"다른 보충제와 마찬가지로, 임신 또는 모유 수유 중이거나 임신을 계획 중이거나 약물을 복용 중이거나 질병이 있거나 수술 예정인 분은 복용 전에 의료 전문가와 상의하십시오. 어린이의 손이 닿지 않는 곳에 보관하십시오.
안전 밀봉된 제품입니다. 안전 밀봉이 손상된 경우, 복용하지 마십시오. 신선도 유지를 위해 서늘하고 건조한 곳에 보관하십시오.",0.025mg,"비타민 D3 용량이 적절해야합니다. 나는 고용량의 비타민 D3를 섭취하기 때문에 사람이 소변에 모래, 소위 옥살산 염, 즉 유기 염을 갖는 방법을 목격했습니다. 이것은 심각하며 신장 결석이 발생할 수 있습니다. 소변이 붉어 질 때까지 몇 주 동안 대사 문제를 인식하지 못할 수 있습니다. 나는 다른 나라의 과학자들의 적절한 통계에 근거하여 비타민 D3의 올바른 복용량에 대한 나의 개인적인 의견만을 여러분과 공유 할 것입니다 : 12 세 미만의 어린이들은 단순히 이것에 가까워 질 수 없습니다. 12 ~ 18 세 어린이의 경우 복용량은 400 IU / 일을 초과하지 않아야합니다. 성인의 경우 예방 목적으로 복용량이 1000 IU / day를 초과해서는 안됩니다. 의학적 목적으로 모든 것이 개별적이며 모든 것이 의사의 권장 사항에 엄격하게 따릅니다. 이 비타민을 복용하기 전에 의사와 상담하십시오. ______________________ 비타민 D3와 함께 가장 중요한 것은 과용하지 않는 것입니다. 너무 많으면 건강에 부정적인 영향을 미칠 수 있기 때문입니다. 초과하면 동맥의 석회화가 발생할 수 있으며 뻣뻣함이 증가하여 심혈관 질환을 일으킬 수 있으며 신장 결석 형성을 유발할 수 있습니다. 비타민 D3의 과다 복용은 하룻밤 사이에 발생하지 않으며, 대부분 장기간-한 달 이상 비타민을 과도하게 사용하면 발생할 수 있습니다. __________________________ 우리는 음식에서 비타민 D3를 얻을 수 없습니다.이 비타민으로 우리 몸을 포화시키는 유일한 방법은 햇빛 아래있는 것입니다. 불행히도 오늘날 우리의 빈약 한 생활 방식과 지구의 북부 위도에 살고 있기 때문에 사람들은 필요한 양의 비타민 D3를 물리적으로받지 못하고 있습니다. 반년 밖에 안남았을뿐만 아니라 추운 계절에는 맑지 않고 우울할뿐만 아니라 여름에도 최근에는 좋은 날씨가 드물게되었습니다. 또한 사람들은 현대적인 빠른 삶의 속도로 인해 여름에도 태양 아래있을 시간이 없습니다. 개인적으로 비타민 D3는 11 월 초부터 2 월 말까지 복용해야한다고 생각합니다. 많은 사람들이 ""당신은 무엇입니까, 우리도 여름에 충분하지 않으며 여름에도 그것을 가져갈 필요가 있습니다""라고 말할 것입니다. 당신은 비타민 D3를 일년 내내 먹을 수 없기 때문에 다양한 유급 과학자들이 거기에서 말하지 않아 보충제의 판매를 증가시킵니다. 신체는 또한이 비타민 자체를 생산해야합니다. 이 비타민에 대한 가장 큰 필요는 위에서 쓴 기간에 해당합니다. 건강을 유지!
이 비타민을 복용한 지 한 달 후, 나는 기분과 에너지 수준에서 상당한 개선을 발견했습니다. 스트레스 해소와 정신적 피로 해소에 정말 많은 도움이 되었습니다. 이 비타민의 가장 좋은 점은 약국에서 합성한 것과는 달리 모두 천연이라는 것입니다. 어떻게 작동하는지 모르겠지만 작동합니다!
나는 식후 아침에 비타민 D3를 섭취하고 오메가 3는 흡수를 돕습니다. 나는 그것을 복용 후 눈에 띄게 활력을 느낍니다. 한 병에 90캡슐이 들어있어 3개월분이면 충분하므로 하루에 1알 이상은 드시면 안됩니다. 일일 기준 400m. 부작용이 없으며 품질이 최상입니다.
나는 수년 동안 이 D3를 복용해 왔으며 그것이 소프트젤보다 더 잘 작동한다는 것을 알게 되었습니다. 나는 잠시 동안 낮은 수치와 씨름했고 그것은 내 영혼을 고양시키고 내 주기를 조절하는 데 도움이 되며 통증과 고통을 덜어줍니다. 나는 그것 없이는 결코 없을 것이고 Iherb는 좋은 주식을 유지하고 매우 만족합니다.
좋은 작은 알약. 각기병과 태양 부족으로 인한 겨울 블루스를 떨쳐내는 데 도움이 됩니다. 맛도 없고 먹기도 편해요. 나는 또한 비타민 D 수치를 유지하는 것이 코로나바이러스 면역력을 높이는 데 도움이 된다고 들었습니다. 확실히 차이점을 알아차리고 복용할 때 기분에 영향을 줍니다.
나는 지금 몇 달 동안 이 비타민을 복용하고 있으며 그것이 나의 전반적인 건강, 삶의 질 및 기분을 향상시켰다고 말해야 합니다. 나는 더 나은 집중력과 더 많은 에너지를 경험했습니다. 건강한 삶을 영위하는데 많은 도움이 되었어요. 한 달 동안 비타민을 복용한 후, 나는 기분과 에너지 수준이 증가하는 것을 알아차렸습니다. 또한 그들이 내가 집중하고 궤도를 유지하는 데 도움을 주었다고 생각합니다."
"https://cloudinary.images-iherb.com/image/upload/f_auto,q_auto:eco/images/nfs/nfs01050/v/23.jpg","Natural Factors, 비타민D3, 25mcg(1,000IU), 90정",내추럴 팩터스,"₩4,226",₩37/제공량,하루 1정 또는 의료 전문가의 지시에 따라 복용하십시오.,"다른 보충제와 마찬가지로, 임신 또는 수유 중이거나 임신을 계획 중인 경우, 약물을 복용 중이거나 질환이 있는 경우, 수술을 앞둔 경우에는 본 제품을 사용하기 전에 의료 전문가와 상의하십시오. 아이들의 손이 닿지 않는 곳에 보관하십시오.
안전 밀봉된 제품입니다. 밀봉이 파손된 경우 사용하지 마십시오. 신선도 유지를 위해 서늘하고 건조한 곳에 보관하십시오.",0.025mg,"비타민 D3 용량이 적절해야합니다. 나는 고용량의 비타민 D3를 섭취하기 때문에 사람이 소변에 모래, 소위 옥살산 염, 즉 유기 염을 갖는 방법을 목격했습니다. 이것은 심각하며 신장 결석이 발생할 수 있습니다. 소변이 붉어 질 때까지 몇 주 동안 대사 문제를 인식하지 못할 수 있습니다. 나는 다른 나라의 과학자들의 적절한 통계에 근거하여 비타민 D3의 올바른 복용량에 대한 나의 개인적인 의견만을 여러분과 공유 할 것입니다 : 12 세 미만의 어린이들은 단순히 이것에 가까워 질 수 없습니다. 12 ~ 18 세 어린이의 경우 복용량은 400 IU / 일을 초과하지 않아야합니다. 성인의 경우 예방 목적으로 복용량이 1000 IU / day를 초과해서는 안됩니다. 의학적 목적으로 모든 것이 개별적이며 모든 것이 의사의 권장 사항에 엄격하게 따릅니다. 이 비타민을 복용하기 전에 의사와 상담하십시오. ______________________ 비타민 D3와 함께 가장 중요한 것은 과용하지 않는 것입니다. 너무 많으면 건강에 부정적인 영향을 미칠 수 있기 때문입니다. 초과하면 동맥의 석회화가 발생할 수 있으며 뻣뻣함이 증가하여 심혈관 질환을 일으킬 수 있으며 신장 결석 형성을 유발할 수 있습니다. 비타민 D3의 과다 복용은 하룻밤 사이에 발생하지 않으며, 대부분 장기간-한 달 이상 비타민을 과도하게 사용하면 발생할 수 있습니다. __________________________ 우리는 음식에서 비타민 D3를 얻을 수 없습니다.이 비타민으로 우리 몸을 포화시키는 유일한 방법은 햇빛 아래있는 것입니다. 불행히도 오늘날 우리의 빈약 한 생활 방식과 지구의 북부 위도에 살고 있기 때문에 사람들은 필요한 양의 비타민 D3를 물리적으로받지 못하고 있습니다. 반년 밖에 안남았을뿐만 아니라 추운 계절에는 맑지 않고 우울할뿐만 아니라 여름에도 최근에는 좋은 날씨가 드물게되었습니다. 또한 사람들은 현대적인 빠른 삶의 속도로 인해 여름에도 태양 아래있을 시간이 없습니다. 개인적으로 비타민 D3는 11 월 초부터 2 월 말까지 복용해야한다고 생각합니다. 많은 사람들이 ""당신은 무엇입니까, 우리도 여름에 충분하지 않으며 여름에도 그것을 가져갈 필요가 있습니다""라고 말할 것입니다. 당신은 비타민 D3를 일년 내내 먹을 수 없기 때문에 다양한 유급 과학자들이 거기에서 말하지 않아 보충제의 판매를 증가시킵니다. 신체는 또한이 비타민 자체를 생산해야합니다. 이 비타민에 대한 가장 큰 필요는 위에서 쓴 기간에 해당합니다. 건강을 유지!
이 비타민을 복용한 지 한 달 후, 나는 기분과 에너지 수준에서 상당한 개선을 발견했습니다. 스트레스 해소와 정신적 피로 해소에 정말 많은 도움이 되었습니다. 이 비타민의 가장 좋은 점은 약국에서 합성한 것과는 달리 모두 천연이라는 것입니다. 어떻게 작동하는지 모르겠지만 작동합니다!
나는 식후 아침에 비타민 D3를 섭취하고 오메가 3는 흡수를 돕습니다. 나는 그것을 복용 후 눈에 띄게 활력을 느낍니다. 한 병에 90캡슐이 들어있어 3개월분이면 충분하므로 하루에 1알 이상은 드시면 안됩니다. 일일 기준 400m. 부작용이 없으며 품질이 최상입니다.
나는 수년 동안 이 D3를 복용해 왔으며 그것이 소프트젤보다 더 잘 작동한다는 것을 알게 되었습니다. 나는 잠시 동안 낮은 수치와 씨름했고 그것은 내 영혼을 고양시키고 내 주기를 조절하는 데 도움이 되며 통증과 고통을 덜어줍니다. 나는 그것 없이는 결코 없을 것이고 Iherb는 좋은 주식을 유지하고 매우 만족합니다.
좋은 작은 알약. 각기병과 태양 부족으로 인한 겨울 블루스를 떨쳐내는 데 도움이 됩니다. 맛도 없고 먹기도 편해요. 나는 또한 비타민 D 수치를 유지하는 것이 코로나바이러스 면역력을 높이는 데 도움이 된다고 들었습니다. 확실히 차이점을 알아차리고 복용할 때 기분에 영향을 줍니다.
나는 지금 몇 달 동안 이 비타민을 복용하고 있으며 그것이 나의 전반적인 건강, 삶의 질 및 기분을 향상시켰다고 말해야 합니다. 나는 더 나은 집중력과 더 많은 에너지를 경험했습니다. 건강한 삶을 영위하는데 많은 도움이 되었어요. 한 달 동안 비타민을 복용한 후, 나는 기분과 에너지 수준이 증가하는 것을 알아차렸습니다. 또한 그들이 내가 집중하고 궤도를 유지하는 데 도움을 주었다고 생각합니다."
"https://cloudinary.images-iherb.com/image/upload/f_auto,q_auto:eco/images/lkn/lkn01418/v/106.jpg","Lake Avenue Nutrition, 비타민D3, 125mcg(5,000IU), 소프트젤 360정",Lake Avenue Nutrition,"₩15,618",₩39/제공량,하루에 소프트젤 1정씩 음식과 함께 복용하거나 자격을 갖춘 의료 전문가의 지시에 따르십시오.,"어린이의 손이 닿지 않는 곳에 보관하십시오. 다른 고용량 비타민D 제품과 함께 복용하지 마십시오. 다른 모든 보충제와 마찬가지로 건강 및 웰니스 요법에 새로운 것을 추가하기 전에 의료 전문가와 상담할 것을 권장합니다.
안전 밀봉된 제품입니다. 안전 밀봉이 손상되었거나 없는 경우에는 복용하지 마십시오. 서늘하고 건조한 곳에 보관하십시오.",0.125mg,"데일리 밸류가 상품설명에는 1025%고 상품에는 625%라고 써있어요 또 하루에 한 개 먹으라고 써져있지만 제품에는 2일에 한 개씩 먹으라고 적혀있구요 제품에 써있는 설명이 더 정확한 거겠죠? 다른 분들도 영어설명 꼭 해석해서 알맞게 복용하시길 권합니다 요즘 파파고도 잘돼있으니까요 어렵지 않게 해석 가능하세요
나는이 회사의 비타민 D를 좋아한다. 그것은 좋은 가격과 우수한 품질을 가지고 있습니다. 다량의 비타민 D를 비타민 K와 함께 복용하는 것이 가장 좋으며, 혈관과 연조직의 석회화를 피하기 위해 저녁에 마그네슘 보충제 나 음식을 추가하십시오. 비타민 K는 비타민 D와 칼슘을 뼈로 가져오고 마그네슘은 나머지를 제거합니다. 모두에게 건강!"
"https://cloudinary.images-iherb.com/image/upload/f_auto,q_auto:eco/images/sps/sps90860/v/26.jpg","Superior Source, 엑스트라 스트렝스 D3, 125mcg(5,000IU), 즉시 용해되는 MicroLingual 정제 100정",Superior Source (슈피리어 소스),"₩15,554",₩155/제공량,보충제로 MicroLingual 정제 1정을 혀 아래에 녹이십시오. 삼켜서 복용할 수도 있습니다.,"본 제품을 복용하는 경우 의료 전문가와 비타민D 섭취에 대해 상담해야 합니다.
정제의 색상, 맛, 질감은 제품마다 약간 다를 수 있습니다. 효능은 그러한 자연적 차이에 영향을 받지 않습니다.",0.12500000mg,"처음에는 Now 5000에서 하루에 두 번 15 일 동안 마 셨습니다. 끔찍한 통증이 있었고, 위장관에 문제가 있었고 상태가 악화되었습니다. 손질, 도움. 나는이 약이 망설임없이 보임을 보았다! 이 형태의 정제는 특히 나와 같은 사람들을위한 것입니다! 이제 나는 계속 마시고 아무것도 귀찮게하지 않습니다. 그녀는 기분을 느끼기 시작했습니다! 한 달 동안 10에서 56까지 !!!! 나는 이것이 약의 장점이라고 생각하며, 한 달간 공동 섭취 한 결과 15 일이 걸렸으며 의사는 분석에 실제 지표의 70 % 만 표시되므로 오랫동안 마실 것입니다! 건강 할 수있는 기회에 감사합니다!
그녀는 매일 10,000 개월의 1.5 개월이 걸렸습니다. 비타민 D의 초기 수준은 18 ng / ml이며 1.5 개월 후 이미 79 ng / ml입니다. 표시된 기간 동안 열린 태양에는 거의 없었으므로 그러한 증가는 전적으로 약물의 장점입니다. 약간 메스꺼움을 앓은 처음 2-3 일이 지났지 만 모든 것이 정상이되었습니다. 비타민 K2와 마그네슘을 섭취했다고 말해야합니다. 좋은 약.
비타민 D 결핍은 건강에 현저한 영향을 미칩니다. 비타민 D 부족의 첫 번째 증상은 수면 장애, 근육 약화, 뼈 통증 등 심각하게 보이지 않을 수 있습니다. 그러나 어린이의 지속적인 비타민 D 결핍은 골격 형성 불량, 감염에 대한 감수성 증가, 학습 능력 장애와 같은 문제로 이어집니다."
"https://cloudinary.images-iherb.com/image/upload/f_auto,q_auto:eco/images/now/now00370/v/34.jpg","NOW Foods, 액상 비타민D-3, 10mcg(400IU), 59ml(2fl oz)",Now Foods (나우 푸드),"₩7,942",₩13/제공량,"잘 흔들어 섭취하십시오. 성인은 하루 1~5번 4방울씩 섭취하십시오. 어린이는 하루에 한 번 4방울씩 주십시오. 권장 복용량을 초과하지 마십시오. 그대로 섭취하거나 좋아하는 음료에 섞어 섭취하십시오. 스포이트가 입술 또는 구강 조직에 닿은 경우, 철저히 씻고 말린 후 다시 병에 장착하여 완전히 닫으십시오. 지방이 함유된 식사와 함께 섭취하면 가장 좋습니다.","주의: 어린이의 손이 닿지 않는 곳에 보관하십시오. 영유아용 제품이 아닙니다. 소아과 의사의 지시에 따라서만 만 4세 이하 유아가 복용하게 하십시오. 임신 또는 수유 중이거나, 다른 약물을 복용 중이거나, 질병이 있는 분은 의사와 상의하십시오. 밀봉 포장이 손상되었거나 없는 경우는 사용하지 마십시오. 색상이 변했거나 뿌옇게 되었거나 액체 표면에 침전이 나타나면 제품을 사용하지 마십시오.",0.112ml,"우리는 온 가족과 함께 비타민 D를 마시고 피펫이 빨리 부서지는 것을 좋아하지 않았으며 지방이 많은 음식과 함께 비타민 D를 섭취해야한다는 것을 잊지 마십시오.이 방법으로 더 잘 흡수됩니다. 우리는 거의 태양을 보지 못하며 아이들은 더 침착하게 행동하기 시작했습니다. 저렴하고 쾌활합니다.
나의 블로그에서 나는 비타민 D와 칼슘에 대한 기사를 발표했다. 이 두 요소는 서로 의존합니다. 비타민 D는 신체의 칼슘 흡수 및 조절에 기여합니다. 이 기사는 단지 비타민 D 복용에 대해 생각하고있는 사람들과 이미 마시는 사람들에게 유용 할 것입니다. 후자는 내분비 학자 협회 (Russian Association of Endocrinologists)가 제안한 규범과 복용량의 적절성을 비교할 수있을 것이다. ⠀⠀⠀⠀⠀⠀⠀⠀⠀⠀⠀⠀⠀⠀⠀⠀⠀⠀⠀⠀⠀⠀⠀⠀⠀⠀⠀⠀⠀⠀⠀⠀⠀⠀⠀⠀⠀⠀⠀⠀⠀⠀⠀⠀⠀⠀⠀⠀⠀⠀ ⠀⠀⠀⠀⠀⠀⠀⠀⠀⠀⠀⠀⠀⠀⠀⠀⠀⠀⠀⠀⠀⠀⠀⠀⠀⠀⠀⠀⠀⠀⠀⠀⠀⠀⠀⠀⠀⠀⠀⠀⠀⠀⠀⠀⠀⠀⠀⠀⠀⠀ vit 비타민 D는 식품의 함량이 일일 필요량을 충족시키지 못하기 때문에 보충제로 추가로 섭취해야하며, 자외선에 의한 신체의 비타민 D 합성은 여러 가지 요인에 의해 방해받습니다. 내분비 학자 협회 (Russian Association of Endocrinologists)는 일년에 400 IU, 1 년에서 50 세까지 600 IU, 50 세 이상, 약 800-1000 IU, 임산부와 수유부에서 800-1000의 용량으로 매일 비타민 D를 예방 적으로 섭취 할 것을 권장합니다. ⠀⠀⠀⠀⠀⠀⠀⠀⠀⠀⠀⠀⠀⠀⠀⠀⠀⠀⠀⠀⠀⠀⠀⠀⠀⠀⠀⠀⠀⠀⠀⠀⠀⠀⠀⠀⠀⠀⠀⠀⠀⠀⠀⠀⠀⠀⠀⠀⠀⠀ ⠀⠀⠀⠀⠀⠀⠀⠀⠀⠀⠀⠀⠀⠀⠀⠀⠀⠀⠀⠀⠀⠀⠀⠀⠀⠀⠀⠀⠀⠀⠀⠀⠀⠀⠀⠀⠀⠀⠀⠀⠀⠀⠀⠀⠀⠀⠀⠀⠀⠀ ⠀⠀⠀⠀⠀ Now Foods의이 액체 비타민 D-3는 온 가족이 먹을 수있는 액체 비타민 60ml 1 병에 적합합니다.이 비타민에는 피펫으로 편리하게 투약 할 수있어 각각에 맞는 용량을 선택할 수 있습니다. 1 방울은 100 IU의 비타민 D를 함유하고 있습니다. 1 년까지의 아이는 1 년에서 50 년까지 4 방울, 50 방울부터 6 방울, 8-10 방울입니다. 내분비 학자들은 그러한 예방 적 복용량이 적극적인 태양 노출 동안에도 교정이나 취소를 요구하지 않는다고 말한다. 그러나 가능한 권장 사항에도 불구하고 ""25 (OH) D""의 분석을 토대로 비타민 D 섭취량, 의사의 복용량 및 투여 기간을 조정하는 것이 바람직합니다. 특히 어린이들의 비타민 D 섭취. 결국, 비타민 D를 포함하는 지용성 비타민의 과다 복용은 결핍보다 어렵습니다. ⠀⠀⠀⠀⠀⠀⠀⠀⠀⠀⠀⠀⠀⠀⠀⠀⠀⠀⠀⠀⠀⠀⠀⠀⠀⠀⠀⠀⠀⠀⠀⠀⠀⠀⠀⠀⠀⠀⠀⠀⠀⠀⠀⠀⠀⠀⠀⠀⠀⠀ ⠀⠀⠀⠀⠀⠀⠀⠀⠀⠀⠀⠀⠀⠀⠀⠀⠀⠀⠀⠀⠀⠀⠀⠀⠀⠀⠀⠀⠀⠀⠀⠀⠀⠀⠀⠀⠀⠀⠀⠀⠀⠀⠀⠀⠀⠀⠀⠀⠀⠀ this이 복합체에서 천연 비타민 D는 자연적입니다. 울, 양 지방 - 라놀린에 들어있는 7- 데 하이드로 콜레스테롤을 조사하여 얻어집니다. 이것은 천연 비타민 D3를 얻는 가장 일반적인 방법입니다. 비타민 D3의 흡수를 좋게하기 위해 제조업체는 지방을 준비에 추가했습니다. 나는 그들의 넓은 범위, 일하는 복용량, 고품질 원료 및 허용 가격표를위한 지금 음식 보충 교재를 사랑한다. 나의 보충 교재의 대부분은이 제조자에게서이다.
NOW Foods는 이러한 비타민을 테스트했으며 똑같이 좋습니다. 그러나 이러한 비타민에서는 Now 비타민을 복용하는 것이 좋습니다. 캡슐 구성: 좋음. 결과가 마음에 들었습니다. 손톱의 취약성이 감소하고 모발 성장 및 전반적인 상태가 개선되었습니다. , 한 번에 여러 캡슐을 복용할 수 있으므로 면역에 좋습니다. 맛은 중성입니다. 가격도 착하고 구성도(성분). 우리는 품질을 얻었습니다. 포장이 편리하다
NOW Foods 비타민 D3 Liquid 이 제품은 고품질의 제품입니다. 다른 제품에 비해 구성이 동일하고 비교적 저렴합니다. 좋은 결과를 기대했지만 더 비싼 옵션에 비해 마음에 들었습니다. 나는 지금 몇 년 동안 코스를 수강하고 있으며 일반적으로 이전 치료법의 효과를 느꼈습니다. 사용에 문제가 없어 추천합니다. 사이즈는 보통입니다.
힘과 에너지의 급증 NOW Foods 사용 첫 주부터 결과가 느껴집니다. 선택한 복용량은 사이트에 제시된 많은 것 중에서 이 특정 비타민을 권장했습니다. 나에게 매우 중요한 맛이 없습니다. 내 건강이 눈에 띄게 좋아졌습니다. 내 기분은 한 단어로 태양입니다! 비타민 로즈의 수준, 나는 결핍이었다. .
우수한 비타민 D3. 내가 선택한 몇 가지 매개 변수가 있습니다. 가격, 훌륭한 맛, 제품 품질, 우수한 결과, 많은 유용한 물질의 존재, 편리한 포장 및 유용한 성분, 크기 및 복용량 선택 기능, 큰 이점 건강과 면역을 위한 천연 성분. 나는 이 멋진 제품을 모든 사람에게 추천합니다. 설명과 기대에 완전히 부합합니다. 확인되지 않은 문제"
"https://cloudinary.images-iherb.com/image/upload/f_auto,q_auto:eco/images/lex/lex17136/v/72.jpg","Life Extension, 비타민D3, 125mcg(5,000IU), 소프트젤 60정",라이프 익스텐션,"₩8,518",₩141/제공량,복용 전에 제품 설명서를 주의 깊게 읽고 지침을 따르십시오.,"하루 50mcg(2,000IU) 이상의 비타민D(식사와 보충제 모두 포함)를 섭취하는 경우 주기적으로 혈청 25-하이드록시 비타민D 수치를 측정해야 합니다. 의사가 권장하지 않는 한 하루에 10,000IU를 초과하지 마십시오. 혈중 칼슘 수치가 높은 경우 비타민D 보충제를 복용하지 마십시오.
어린이의 손이 닿지 않는 곳에 보관하십시오.
권장 복용량을 초과하지 마십시오.
외부 밀봉이 파손되었거나 손상된 경우 구매하지 마십시오.
질병으로 인해 치료를 받고 있거나 임신 또는 수유 중인 경우에는 영양 보충제를 복용하기 전에 의사와 상의하십시오.
뚜껑을 꼭 닫아 서늘하고 건조한 곳에 보관하십시오.",0.125mg,"나는 종종 비교를 위해 비타민 D와 다른 브랜드를 섭취합니다! 때로는 재고와 제품 가격에 따라 다릅니다. 하지만 저는 항상 비타민 D 혈액 검사를 전후에 합니다. 저는 보통 3~4개월 걸립니다. 이 D는 효과가 좋으며, 분석 결과 비타민 D 수치가 좋은 것으로 나타났습니다! 알약을 복용하는 것이 편리하고 일반적으로이 브랜드를 좋아합니다! B군 콤플렉스도 마신다
이 약을 내분비 전문의가 처방 한 아쿠아 데 트림의 대체품으로 주문했습니다. 요즘 유행성으로 인해 약국에서 구하기가 어렵 기 때문에 거의 생산되지 않거나 다른 이유가 있습니다. 오늘 나는 복용을 마치고 내 인상을 설명하기로 결정했습니다. 삼키기 쉽고 복용 후 불쾌한 감각을 일으키지 않으며 졸음과 피로감이 사라졌습니다. 일주일에 나는 혈중 칼슘 수치에 대한 분석을하고 여기에 리뷰를 추가 할 것입니다. 칼 시토 틴 수치가 2 미만이고 25 OH 비타민 D -26이 낮기 전에이 약을 미리 복용 한 후 어떤 결과를 얻었는지 살펴 보겠습니다. 내 리뷰가 누군가에게 도움이되기를 바랍니다.
훌륭한 비타민, 좋은 가격, 저는 K- 팩터없이 복용했습니다. 두 달 동안 저는 하루에 한 캡슐을 먹었고 이제는 일주일에 두 번 한 캡슐을 먹었습니다. 분석에 따르면 비타민 D를 복용하기 전의 수치는 -30이었다. 이후 -55. 그 결과가 가치 있다고 생각하는데이 비타민을 추천한다. 다시 주문합니다.
지방이 필수 인 식사와 함께 섭취하십시오 (이것은 모든 지용성 비타민 A, D, E, K에 대한 규칙입니다). 비타민 D 결핍으로 인해 러시아의 대부분의 의사는 비 작동 용량 인 400-800 IU를 권장합니다. 그러나 실제로 5000 IU의 복용량조차도 북부 지역을 예방할 수 있으며 섭취하면 비타민 D 수준이 표준의 하한에 도달합니다. 비타민 D가 부족하면 매일 2 ~ 3 개월 동안 하루에 10,000 IU (우리 몸이 정확히 생산하는 양, 자외선 아래에서 20 ~ 30 분, SPF 보호없이)를 복용 할 수 있으며 그 후에는 다시 검사를 받아야합니다. 필요한 수준에 도달하면 4000-5000 IU의 예방 용량을 취할 수 있습니다. 다량의 비타민 D를 복용 할 때는 비타민 K2, 마그네슘 (글리시 네이트 킬레이트 형태로 체중 kg 당 15mg)을 마시고 칼슘 보충제를 완전히 제거해야합니다. 혈중 비타민 D 수치를 확인하려면 25-OH 비타민 D에 대한 혈액 검사를 받고 결과를 다음 수치와 비교해야합니다. • 결핍 <50 ng / ml • 최적 수치 50-120 ng / ml • 초과 량> 120ng / ml 이제 내 비타민 D 수치는 평균 85입니다. 어떤 순간에는 100이됩니다. 독감이나 급성 호흡기 감염의 경우 3 일째에 안전하게 20,000 IU를 복용하여 항균 및 항 바이러스 펩타이드를 활성화 할 수 있습니다. 그 이후로 1 년 만에 비타민 D 수치를 정상화하면서 감기에 한 번 밖에 걸리지 않았고, 게다가 2 일만 아팠는데 그 전에는 1 년에 5 ~ 6 번 아팠으니 꼭 더 살 것입니다.
당신이 자지 않는다면, 당신은 두 가지가 필요합니다. 비타민 D3와 마그네슘. 나는 아침에 이것들을 가져 가고 있었다. 그러나 저녁으로 그들을 변경하고 난 후에 나의 잠은 매우 많은 품질이다. 비타민 D3 놀라운 및 다른 보충제의 흡수에 필요한. 결코 그 (것)들을 가지고가는 중지하지 않을 것이다.
지난 5 월 미국 의사들은 비타민 D의 급성 부족으로 인해 가장 심각한 형태의 COVID-19 질병이 발생할 가능성이 약 15 % 증가한다고보고했습니다. Trinity College Dublin의 과학자들은 또한 연구 결과에 따르면 코로나 바이러스 감염 예방 및 치료에 비타민 D의 중요성을 지적했습니다. 면역력 외에도 비타민 D3는 심장에 필수적이며 비만과 싸우는 데 도움이되며 혈액의 칼슘 함량을 정상화합니다. 이 캔에는 5,000 IU가 있습니다. 이것은 상당히 많은 양입니다. D3 검사 후 또는 질병 중에 마시는 것이 좋습니다. 1 일 1 소프트 젤! 모두 D3를 마시길 바랍니다
추천으로이 비타민 D3를 복용했습니다. 지금은 봄이기 때문에 우리 가족에게는 몸에 비타민을 보충하는 것이 필수적입니다. 사용하기 전에 과잉이 없도록 몸의 양을 확인해야합니다. 그래서 제가 가장 좋아하는 가족 및 면역 유지 복합체는 Echinacea, D3, C, Zn 및 Omega-3입니다.
우연히 행동에 대해 나는이 비타민의 함량에 대한 분석을 통과했으며 그것이 표준 미만이라는 것이 밝혀졌습니다. 길거리에서 오랫동안 머 무르지 않아 영향을 받았습니다. 그리고 앞으로도 서리가 내린 겨울이 있습니다. 비타민 D를 두 배로 섭취하기로 결정했습니다. 매일 아침에 두 캡슐을 복용했습니다. 물론 테라피스트와 사전 상담을 받음은 물론입니다. ㅇㅇㅇ ㅇㅇㅇ ㅇㅇㅇ ㅇㅇㅇ ㅇㅇㅇ ㅇㅇㅇ ㅇㅇㅇ ㅇㅇㅇ ㅇㅇㅇ ㅇㅇㅇ ㅇㅇㅇ ㅇㅇㅇ ㅇㅇㅇ ㅇㅇㅇ ㅇㅇㅇ ㅇㅇㅇ ㅇㅇㅇ ㅇㅇㅇ ㅇㅇㅇ ㅇㅇㅇ ㅇㅇㅇ ㅇㅇㅇ ㅇㅇㅇ ㅇㅇㅇ ㅇㅇㅇ ㅇㅇㅇ ㅇㅇㅇ ㅇㅇㅇ ㅇㅇㅇ ㅇㅇㅇ ㅇㅇㅇ ㅇㅇㅇ ㅇㅇㅇ ㅇㅇㅇ ㅇㅇㅇ ㅇㅇㅇ ㅇㅇㅇ ㅇㅇㅇ ㅇㅇㅇ ㅇㅇㅇ ㅇㅇㅇ ㅇㅇㅇ ㅇㅇㅇ ㅇㅇㅇ ㅇㅇㅇ ㅇㅇㅇ ㅇㅇㅇ ㅇㅇㅇ ㅇㅇㅇ ㅇㅇㅇ ㅇㅇㅇ ㅇㅇㅇ ㅇㅇㅇ ㅇㅇㅇ ㅇㅇㅇ ㅇㅇㅇ ㅇㅇㅇ ㅇㅇㅇ ㅇㅇㅇ ㅇㅇㅇ ㅇㅇㅇ ㅇㅇㅇ ㅇㅇㅇ ㅇㅇㅇ ㅇㅇㅇ 결과적으로 한 달 만에 혈액에서 25-OH의 수치를 올렸습니다. 숨을 내쉬고 더 자주 햇볕을 쬐려고 할 수 있습니다! 너무 많은 비타민 D는 시간이 지남에 따라 독성이 있으며 신장 건강에 좋지 않습니다. 문제 없다!"
